review_id,product_name,product_group,gender,age_group,rating,review_text,created_at
r-000001,프로바이오틱스 크림,스킨케어,여성,25-29세,5,운동 후에 사용해봤는데 자극이 거의 없어요. 확실히 흡수가 부드럽게 돼요. 추천해요. 메이크업 전에 괜찮았어요.,2025-10-03 04:47:26
r-000002,히알루론 나이트크림,스킨케어,여성,50대 이상,1,향이 생각보다 강해요. 막상 써보니 유분감이 남아요. 별로였어요.,2025-08-15 10:00:13
r-000003,데일리 샴푸,헤어케어,남성,30대,5,외출 전에 쓰니 향이 은은해서 좋아요. 한동안 써보니 두피가 편안해졌어요. 만족스러워요. 건성/지성에 따라 느낌 다를 듯. 주말 외출용으로 딱.,2025-10-06 13:27:32
r-000004,시카 진정 토너,스킨케어,남성,10대,2,향이 생각보다 강해요. 전반적으로 트러블이 조금 올라왔어요. 취향 차이는 있을 수 있어요. 비추천합니다.,2025-07-17 17:46:00
r-000005,리페어 세럼,헤어케어,여성,50대 이상,4,출근 전에 주로 쓰고 드라이가 잘 돼요. 전체적으로 향이 은은해서 좋아요. 잘 쓰고 있어요. 건성/지성에 따라 느낌 다를 듯. 데일리로 무난해요.,2025-07-30 12:51:42
r-000006,두피 스케일러,헤어케어,여성,10대,5,출근 전에 주로 쓰고 거품이 풍성하고 헹굼이 깔끔해요. 한동안 써보니 모발이 차분해요. 또 살 것 같아요. 메이크업 전에 괜찮았어요.,2025-06-22 11:31:06
r-000007,롱웨어 파운데이션,메이크업,여성,50대 이상,2,얼룩처럼 묻어나요. 게다가 시간 지나면 무너져요. 아쉬웠어요.,2025-07-25 14:21:35
r-000008,데일리 샴푸,헤어케어,여성,20-24세,4,아침·저녁으로 써봤고 두피가 편안해졌어요. 그리고 거품이 풍성하고 헹굼이 깔끔해요. 계속 쓰게 돼요.,2025-08-03 03:25:02
r-000009,화이트 티 코롱,향수,여성,25-29세,5,외출 전에 쓰니 잔향이 은은하게 오래 남아요. 막상 써보니 무난하게 쓰기 좋아요. 가격 생각하면 괜찮아요.,2025-10-05 11:24:23
r-000010,볼륨 미스트,헤어케어,여성,30대,4,외출 전에 쓰니 드라이가 잘 돼요. 전체적으로 두피가 편안해졌어요. 또 살 것 같아요.,2025-04-24 09:11:30
r-000011,리페어 에센스,스킨케어,남성,25-29세,5,운동 후에 사용해봤는데 결이 정돈되는 느낌이에요. 한동안 써보니 자극이 거의 없어요. 만족스러워요.,2025-09-23 19:13:21
r-000012,가든 로즈 퍼퓸,향수,남성,20-24세,5,외출 전에 쓰니 과하지 않아서 데일리로 좋아요. 사용해보니 계절감이 잘 맞아요. 잘 쓰고 있어요.,2025-07-29 02:43:33
r-000013,콜라겐 앰플,스킨케어,남성,50대 이상,5,운동 후에 사용해봤는데 보습이 오래가요. 게다가 흡수가 부드럽게 돼요. 잘 쓰고 있어요. 선물용으로도 괜찮아 보여요.,2025-05-27 14:49:36
r-000014,플로럴 미스트,향수,남성,20-24세,5,운동 후에 사용해봤는데 계절감이 잘 맞아요. 한동안 써보니 무난하게 쓰기 좋아요. 추천해요.,2025-05-27 20:57:08
r-000015,쿨링 샴푸,헤어케어,여성,40대,5,샤워 후에 바로 바르고 향이 은은해서 좋아요. 그리고 모발이 차분해요. 잘 쓰고 있어요. 데일리로 무난해요.,2025-04-28 01:59:19
r-000016,코튼 바디워시,바디케어,남성,30대,5,운동 후에 사용해봤는데 향이 포근하게 남아요. 그리고 펌프가 편해요. 또 살 것 같아요.,2025-07-18 21:14:08
r-000017,두피 스케일러,헤어케어,남성,40대,3,향이 은은해서 좋아요. 그리고 두피가 간질거렸어요. 아침·저녁으로 써봤고. 무난한 편이에요.,2025-10-29 02:42:33
r-000018,헤어 오일,헤어케어,여성,25-29세,5,운동 후에 사용해봤는데 거품이 풍성하고 헹굼이 깔끔해요. 게다가 모발이 차분해요. 계속 쓰게 돼요. 여행 때 들고 가기 좋을 듯.,2025-08-07 11:34:54
r-000019,소프트 바디로션,바디케어,여성,25-29세,3,흡수가 빠른 편이에요. 사용해보니 향이 취향이 아니에요. 외출 전에 쓰니. 선물용으로도 괜찮아 보여요. 호불호 갈릴 듯.,2025-05-19 15:40:51
r-000020,시어버터 크림,바디케어,여성,10대,2,보습이 금방 날아가요. 전체적으로 끈적거려서 불편해요. 기대 이하였다.,2025-10-10 14:41:45
r-000021,시어버터 크림,바디케어,남성,25-29세,5,운동 후에 사용해봤는데 향이 포근하게 남아요. 확실히 흡수가 빠른 편이에요. 또 살 것 같아요.,2025-08-30 16:33:21
r-000022,새틴 블러셔,메이크업,남성,25-29세,4,아침·저녁으로 써봤고 가볍게 발려요. 게다가 톤 보정이 깔끔해요. 가격 생각하면 괜찮아요. 환경에 따라 다를 수 있어요.,2025-09-08 22:45:17
r-000023,단백질 헤어팩,헤어케어,남성,25-29세,3,향이 은은해서 좋아요. 확실히 거품이 잘 안 나요. 딱 중간 정도 느낌.,2025-04-09 05:37:54
r-000024,두피 스케일러,헤어케어,여성,30대,5,샤워 후에 바로 바르고 드라이가 잘 돼요. 막상 써보니 향이 은은해서 좋아요. 가격 생각하면 괜찮아요.,2025-09-01 09:30:08
r-000025,핸드크림 클래식,바디케어,남성,20-24세,5,운동 후에 사용해봤는데 보습이 오래가요. 한동안 써보니 향이 포근하게 남아요. 또 살 것 같아요.,2025-06-27 02:01:43
r-000026,샤워 오일,바디케어,여성,30대,3,향이 포근하게 남아요. 그리고 펌프가 뻑뻑해요. 호불호 갈릴 듯.,2025-08-22 10:41:40
r-000027,아쿠아 수분크림,스킨케어,여성,20-24세,1,향이 생각보다 강해요. 사용해보니 트러블이 조금 올라왔어요. 제 피부 기준입니다. 아쉬웠어요.,2025-05-22 09:17:47
r-000028,크리미 컨실러,메이크업,여성,20-24세,4,아침·저녁으로 써봤고 밀착이 잘 돼요. 전체적으로 톤 보정이 깔끔해요. 추천해요.,2025-10-13 16:05:04
r-000029,세라마이드 로션,스킨케어,여성,30대,5,운동 후에 사용해봤는데 결이 정돈되는 느낌이에요. 그리고 메이크업 전에 쓰기 좋아요. 가격 생각하면 괜찮아요.,2025-06-27 20:52:16
r-000030,리페어 세럼,헤어케어,여성,40대,5,운동 후에 사용해봤는데 두피가 편안해졌어요. 한동안 써보니 향이 은은해서 좋아요. 계속 쓰게 돼요. 선물용으로도 괜찮아 보여요.,2025-04-10 03:38:36
r-000031,벨벳 립스틱,메이크업,남성,30대,3,가볍게 발려요. 사용해보니 건조해서 각질이 부각돼요. 딱 중간 정도 느낌.,2025-08-11 20:18:28
r-000032,프로바이오틱스 크림,스킨케어,여성,30대,5,운동 후에 사용해봤는데 결이 정돈되는 느낌이에요. 한동안 써보니 메이크업 전에 쓰기 좋아요. 잘 쓰고 있어요.,2025-06-02 06:50:21
r-000033,바디 스크럽,바디케어,남성,40대,3,향이 포근하게 남아요. 한동안 써보니 용량이 아쉬워요. 무난한 편이에요.,2025-09-09 04:14:41
r-000034,소프트 바디로션,바디케어,남성,50대 이상,4,운동 후에 사용해봤는데 보습이 오래가요. 막상 써보니 펌프가 편해요. 가격 생각하면 괜찮아요. 개인차는 있을 듯.,2025-05-17 16:22:46
r-000035,콜라겐 앰플,스킨케어,여성,30대,5,샤워 후에 바로 바르고 결이 정돈되는 느낌이에요. 게다가 보습이 오래가요. 또 살 것 같아요.,2025-09-07 01:56:54
r-000036,쿠션 파운데이션,메이크업,남성,20-24세,4,아침·저녁으로 써봤고 밀착이 잘 돼요. 막상 써보니 지속력이 좋아요. 추천해요. 메이크업 전에 괜찮았어요.,2025-09-12 21:55:17
r-000037,벨벳 립스틱,메이크업,남성,20-24세,4,아침·저녁으로 써봤고 발색이 자연스러워요. 게다가 가볍게 발려요. 또 살 것 같아요. 여행 때 들고 가기 좋을 듯.,2025-05-07 01:13:29
r-000038,샤워 오일,바디케어,남성,40대,4,아침·저녁으로 써봤고 보습이 오래가요. 전체적으로 향이 포근하게 남아요. 또 살 것 같아요. 취향 차이는 있을 수 있어요. 여행 때 들고 가기 좋을 듯.,2025-04-08 09:29:38
r-000039,단백질 헤어팩,헤어케어,여성,30대,4,출근 전에 주로 쓰고 거품이 풍성하고 헹굼이 깔끔해요. 그리고 모발이 차분해요. 또 살 것 같아요. 건성/지성에 따라 느낌 다를 듯. 메이크업 전에 괜찮았어요.,2025-04-13 17:05:33
r-000040,딥케어 트리트먼트,헤어케어,여성,50대 이상,2,향이 강해서 부담돼요. 확실히 거품이 잘 안 나요. 취향 차이는 있을 수 있어요. 재구매는 어려울 듯.,2025-05-09 03:56:45
r-000041,볼륨 미스트,헤어케어,여성,30대,4,외출 전에 쓰니 향이 은은해서 좋아요. 확실히 거품이 풍성하고 헹굼이 깔끔해요. 또 살 것 같아요. 데일리로 무난해요.,2025-06-03 18:29:54
r-000042,리페어 세럼,헤어케어,미지정,20-24세,4,아침·저녁으로 써봤고 향이 은은해서 좋아요. 전체적으로 드라이가 잘 돼요. 추천해요. 제 피부 기준입니다.,2025-09-03 06:07:26
r-000043,롱웨어 파운데이션,메이크업,여성,25-29세,4,샤워 후에 바로 바르고 지속력이 좋아요. 사용해보니 가볍게 발려요. 계속 쓰게 돼요. 선물용으로도 괜찮아 보여요.,2025-07-31 15:49:29
r-000044,리페어 에센스,스킨케어,남성,30대,5,출근 전에 주로 쓰고 흡수가 부드럽게 돼요. 전반적으로 결이 정돈되는 느낌이에요. 추천해요.,2025-08-02 06:38:55
r-000045,비타민C 세럼,스킨케어,남성,20-24세,4,출근 전에 주로 쓰고 결이 정돈되는 느낌이에요. 한동안 써보니 자극이 거의 없어요. 가격 생각하면 괜찮아요.,2025-08-18 16:41:15
r-000046,틴트 마스카라,메이크업,남성,30대,5,아침·저녁으로 써봤고 지속력이 좋아요. 게다가 톤 보정이 깔끔해요. 만족스러워요.,2025-10-17 11:35:02
r-000047,비타민C 세럼,스킨케어,미지정,10대,4,출근 전에 주로 쓰고 흡수가 부드럽게 돼요. 전체적으로 보습이 오래가요. 잘 쓰고 있어요. 데일리로 무난해요.,2025-05-04 23:37:51
r-000048,헤어 오일,헤어케어,여성,10대,5,아침·저녁으로 써봤고 모발이 차분해요. 전반적으로 드라이가 잘 돼요. 또 살 것 같아요. 메이크업 전에 괜찮았어요.,2025-05-17 02:49:32
r-000049,가든 로즈 퍼퓸,향수,여성,50대 이상,2,달달함이 과해요. 한동안 써보니 머리가 아픈 류의 향이에요. 재구매는 어려울 듯.,2025-07-26 22:11:14
r-000050,소프트 바디로션,바디케어,남성,25-29세,5,아침·저녁으로 써봤고 보습이 오래가요. 전반적으로 펌프가 편해요. 또 살 것 같아요.,2025-09-08 13:28:00
r-000051,틴트 마스카라,메이크업,여성,30대,4,외출 전에 쓰니 밀착이 잘 돼요. 게다가 가볍게 발려요. 잘 쓰고 있어요. 선물용으로도 괜찮아 보여요.,2025-04-22 19:50:06
r-000052,리페어 세럼,헤어케어,여성,20-24세,4,샤워 후에 바로 바르고 향이 은은해서 좋아요. 전체적으로 두피가 편안해졌어요. 잘 쓰고 있어요. 개인차는 있을 듯.,2025-09-06 00:45:12
r-000053,헤어 오일,헤어케어,남성,30대,3,거품이 풍성하고 헹굼이 깔끔해요. 사용해보니 모발이 뻣뻣해졌어요. 주말 외출용으로 딱. 상황 봐서 쓸 것 같아요.,2025-04-27 22:41:44
r-000054,두피 스케일러,헤어케어,여성,25-29세,2,모발이 뻣뻣해졌어요. 전체적으로 거품이 잘 안 나요. 제 피부 기준입니다. 재구매는 어려울 듯.,2025-05-23 23:07:33
r-000055,롱웨어 파운데이션,메이크업,여성,40대,4,출근 전에 주로 쓰고 발색이 자연스러워요. 그리고 가볍게 발려요. 또 살 것 같아요.,2025-05-17 15:04:31
r-000056,아쿠아 수분크림,스킨케어,여성,40대,3,흡수가 부드럽게 돼요. 게다가 따갑게 느껴졌어요. 출근 전에 주로 쓰고. 상황 봐서 쓸 것 같아요.,2025-08-08 10:07:03
r-000057,새틴 블러셔,메이크업,남성,30대,4,아침·저녁으로 써봤고 밀착이 잘 돼요. 전반적으로 지속력이 좋아요. 추천해요. 주말 외출용으로 딱.,2025-05-13 08:10:24
r-000058,핸드크림 클래식,바디케어,남성,40대,4,샤워 후에 바로 바르고 흡수가 빠른 편이에요. 한동안 써보니 펌프가 편해요. 만족스러워요.,2025-04-14 07:27:58
r-000059,아쿠아 마린 EDT,향수,여성,40대,5,운동 후에 사용해봤는데 과하지 않아서 데일리로 좋아요. 게다가 첫 향이 상큼해요. 잘 쓰고 있어요. 취향 차이는 있을 수 있어요.,2025-08-27 23:02:36
r-000060,코튼 바디워시,바디케어,여성,20-24세,3,향이 포근하게 남아요. 게다가 끈적거려서 불편해요. 선물용으로도 괜찮아 보여요. 딱 중간 정도 느낌.,2025-09-23 01:00:05
r-000061,두피 스케일러,헤어케어,남성,30대,3,드라이가 잘 돼요. 그리고 유분감이 쉽게 올라와요. 외출 전에 쓰니. 딱 중간 정도 느낌.,2025-10-17 14:39:36
r-000062,시어버터 크림,바디케어,여성,20-24세,5,출근 전에 주로 쓰고 보습이 오래가요. 전반적으로 향이 포근하게 남아요. 추천해요. 환경에 따라 다를 수 있어요. 선물용으로도 괜찮아 보여요.,2025-07-23 15:05:27
r-000063,콜라겐 앰플,스킨케어,여성,20-24세,3,보습이 오래가요. 전체적으로 유분감이 남아요. 호불호 갈릴 듯.,2025-07-12 19:44:24
r-000064,쿠션 파운데이션,메이크업,남성,30대,4,샤워 후에 바로 바르고 발색이 자연스러워요. 사용해보니 밀착이 잘 돼요. 또 살 것 같아요. 개인차는 있을 듯. 선물용으로도 괜찮아 보여요.,2025-07-19 04:18:49
r-000065,소프트 바디로션,바디케어,여성,30대,3,흡수가 빠른 편이에요. 전체적으로 향이 취향이 아니에요. 아침·저녁으로 써봤고. 무난한 편이에요.,2025-08-28 08:47:00
r-000066,히알루론 나이트크림,스킨케어,남성,25-29세,5,외출 전에 쓰니 보습이 오래가요. 막상 써보니 메이크업 전에 쓰기 좋아요. 잘 쓰고 있어요.,2025-05-17 14:51:38
r-000067,헤어 오일,헤어케어,여성,30대,5,샤워 후에 바로 바르고 거품이 풍성하고 헹굼이 깔끔해요. 막상 써보니 드라이가 잘 돼요. 만족스러워요. 환경에 따라 다를 수 있어요. 데일리로 무난해요.,2025-06-27 06:47:50
r-000068,샤워 오일,바디케어,여성,40대,4,외출 전에 쓰니 보습이 오래가요. 게다가 펌프가 편해요. 또 살 것 같아요. 제 피부 기준입니다. 주말 외출용으로 딱.,2025-05-05 02:06:58
r-000069,리페어 에센스,스킨케어,여성,20-24세,5,운동 후에 사용해봤는데 보습이 오래가요. 한동안 써보니 자극이 거의 없어요. 잘 쓰고 있어요. 건성/지성에 따라 느낌 다를 듯.,2025-07-29 02:00:06
r-000070,내추럴 아이팔레트,메이크업,여성,25-29세,2,색상이 화면이랑 달라요. 막상 써보니 얼룩처럼 묻어나요. 아쉬웠어요.,2025-06-10 16:31:07
r-000071,우디 머스크 퍼퓸,향수,여성,30대,4,운동 후에 사용해봤는데 잔향이 은은하게 오래 남아요. 게다가 계절감이 잘 맞아요. 잘 쓰고 있어요.,2025-05-26 00:15:31
r-000072,히알루론 나이트크림,스킨케어,여성,20-24세,5,출근 전에 주로 쓰고 보습이 오래가요. 한동안 써보니 자극이 거의 없어요. 가격 생각하면 괜찮아요. 제 피부 기준입니다.,2025-04-29 21:49:06
r-000073,크리미 컨실러,메이크업,남성,20-24세,5,샤워 후에 바로 바르고 톤 보정이 깔끔해요. 확실히 밀착이 잘 돼요. 계속 쓰게 돼요. 데일리로 무난해요.,2025-05-19 19:35:27
r-000074,틴트 마스카라,메이크업,여성,40대,3,톤 보정이 깔끔해요. 게다가 시간 지나면 무너져요. 무난한 편이에요.,2025-10-10 13:53:40
r-000075,아쿠아 수분크림,스킨케어,여성,25-29세,3,결이 정돈되는 느낌이에요. 그리고 흡수가 느려서 답답해요. 아침·저녁으로 써봤고. 메이크업 전에 괜찮았어요. 기대만큼은 아니지만 쓸만해요.,2025-10-07 17:06:05
r-000076,틴트 마스카라,메이크업,남성,20-24세,5,샤워 후에 바로 바르고 톤 보정이 깔끔해요. 사용해보니 발색이 자연스러워요. 계속 쓰게 돼요. 환경에 따라 다를 수 있어요.,2025-08-03 07:41:49
r-000077,새틴 블러셔,메이크업,여성,10대,1,두껍게 올라와요. 확실히 색상이 화면이랑 달라요. 저랑은 안 맞아요.,2025-08-07 23:40:44
r-000078,시카 진정 토너,스킨케어,남성,50대 이상,3,보습이 오래가요. 막상 써보니 향이 생각보다 강해요. 선물용으로도 괜찮아 보여요. 호불호 갈릴 듯.,2025-09-08 01:35:42
r-000079,시트러스 오 드 뚜왈렛,향수,남성,20-24세,5,외출 전에 쓰니 잔향이 은은하게 오래 남아요. 게다가 무난하게 쓰기 좋아요. 계속 쓰게 돼요. 개인차는 있을 듯.,2025-06-03 17:02:13
r-000080,시카 진정 토너,스킨케어,남성,40대,3,보습이 오래가요. 확실히 향이 생각보다 강해요. 호불호 갈릴 듯.,2025-06-10 11:43:50
r-000081,새틴 블러셔,메이크업,여성,20-24세,5,샤워 후에 바로 바르고 톤 보정이 깔끔해요. 사용해보니 발색이 자연스러워요. 가격 생각하면 괜찮아요.,2025-08-07 19:07:30
r-000082,콜라겐 앰플,스킨케어,남성,30대,4,출근 전에 주로 쓰고 흡수가 부드럽게 돼요. 전체적으로 결이 정돈되는 느낌이에요. 만족스러워요.,2025-08-18 16:47:18
r-000083,샤워 오일,바디케어,남성,40대,1,보습이 금방 날아가요. 전체적으로 끈적거려서 불편해요. 아쉬웠어요.,2025-07-14 02:31:44
r-000084,오리엔탈 오 드 퍼퓸,향수,남성,30대,4,아침·저녁으로 써봤고 과하지 않아서 데일리로 좋아요. 게다가 첫 향이 상큼해요. 만족스러워요. 메이크업 전에 괜찮았어요.,2025-10-15 06:26:04
r-000085,벨벳 립스틱,메이크업,여성,30대,1,시간 지나면 무너져요. 게다가 얼룩처럼 묻어나요. 별로였어요.,2025-04-30 17:13:51
r-000086,헤어 오일,헤어케어,여성,25-29세,4,외출 전에 쓰니 향이 은은해서 좋아요. 게다가 모발이 차분해요. 만족스러워요. 개인차는 있을 듯.,2025-10-19 18:53:21
r-000087,아쿠아 수분크림,스킨케어,남성,20-24세,2,트러블이 조금 올라왔어요. 전체적으로 유분감이 남아요. 개인차는 있을 듯. 재구매는 어려울 듯.,2025-09-24 22:36:55
r-000088,크리미 컨실러,메이크업,여성,30대,2,두껍게 올라와요. 전반적으로 얼룩처럼 묻어나요. 제 피부 기준입니다. 기대 이하였다.,2025-07-05 18:47:22
r-000089,프로바이오틱스 크림,스킨케어,남성,25-29세,5,샤워 후에 바로 바르고 자극이 거의 없어요. 그리고 메이크업 전에 쓰기 좋아요. 추천해요. 데일리로 무난해요.,2025-10-04 03:32:35
r-000090,가든 로즈 퍼퓸,향수,남성,20-24세,5,외출 전에 쓰니 계절감이 잘 맞아요. 확실히 무난하게 쓰기 좋아요. 가격 생각하면 괜찮아요.,2025-05-26 10:39:46
r-000091,소프트 바디로션,바디케어,여성,30대,2,용량이 아쉬워요. 사용해보니 펌프가 뻑뻑해요. 재구매는 어려울 듯.,2025-08-12 20:58:06
r-000092,아쿠아 수분크림,스킨케어,남성,10대,3,흡수가 부드럽게 돼요. 그리고 따갑게 느껴졌어요. 샤워 후에 바로 바르고. 딱 중간 정도 느낌.,2025-07-15 07:04:34
r-000093,크리미 컨실러,메이크업,남성,20-24세,5,운동 후에 사용해봤는데 발색이 자연스러워요. 사용해보니 톤 보정이 깔끔해요. 잘 쓰고 있어요. 주말 외출용으로 딱.,2025-06-02 03:54:14
r-000094,딥케어 트리트먼트,헤어케어,여성,20-24세,3,드라이가 잘 돼요. 전반적으로 향이 강해서 부담돼요. 샤워 후에 바로 바르고. 여행 때 들고 가기 좋을 듯. 무난한 편이에요.,2025-08-28 18:30:47
r-000095,시트러스 오 드 뚜왈렛,향수,남성,30대,5,아침·저녁으로 써봤고 첫 향이 상큼해요. 전반적으로 계절감이 잘 맞아요. 또 살 것 같아요.,2025-09-13 13:13:14
r-000096,소프트 바디로션,바디케어,여성,30대,5,출근 전에 주로 쓰고 보습이 오래가요. 한동안 써보니 끈적임이 없어서 여름에도 좋아요. 추천해요.,2025-09-23 11:20:21
r-000097,소프트 바디로션,바디케어,여성,20-24세,3,향이 포근하게 남아요. 전체적으로 보습이 금방 날아가요. 샤워 후에 바로 바르고. 딱 중간 정도 느낌.,2025-09-13 03:13:44
r-000098,쿨링 샴푸,헤어케어,여성,40대,5,외출 전에 쓰니 모발이 차분해요. 게다가 거품이 풍성하고 헹굼이 깔끔해요. 추천해요.,2025-10-08 01:39:14
r-000099,롱웨어 파운데이션,메이크업,남성,10대,4,아침·저녁으로 써봤고 발색이 자연스러워요. 전반적으로 지속력이 좋아요. 계속 쓰게 돼요.,2025-05-02 14:05:57
r-000100,아쿠아 마린 EDT,향수,남성,20-24세,2,호불호가 갈릴 듯해요. 확실히 머리가 아픈 류의 향이에요. 비추천합니다.,2025-05-06 07:38:00
r-000101,리페어 세럼,헤어케어,남성,25-29세,4,운동 후에 사용해봤는데 거품이 풍성하고 헹굼이 깔끔해요. 사용해보니 드라이가 잘 돼요. 잘 쓰고 있어요. 데일리로 무난해요.,2025-06-23 16:32:51
r-000102,쿨링 샴푸,헤어케어,여성,40대,5,아침·저녁으로 써봤고 거품이 풍성하고 헹굼이 깔끔해요. 확실히 드라이가 잘 돼요. 잘 쓰고 있어요. 건성/지성에 따라 느낌 다를 듯. 선물용으로도 괜찮아 보여요.,2025-04-16 01:48:22
r-000103,쿠션 파운데이션,메이크업,남성,30대,3,가볍게 발려요. 한동안 써보니 두껍게 올라와요. 주말 외출용으로 딱. 딱 중간 정도 느낌.,2025-06-16 05:11:41
r-000104,풋크림 컴포트,바디케어,미지정,25-29세,3,끈적임이 없어서 여름에도 좋아요. 확실히 용량이 아쉬워요. 샤워 후에 바로 바르고. 호불호 갈릴 듯.,2025-08-11 10:57:25
r-000105,시카 진정 토너,스킨케어,남성,30대,5,운동 후에 사용해봤는데 메이크업 전에 쓰기 좋아요. 막상 써보니 보습이 오래가요. 추천해요. 메이크업 전에 괜찮았어요.,2025-08-19 03:58:11
r-000106,리페어 세럼,헤어케어,여성,50대 이상,4,아침·저녁으로 써봤고 모발이 차분해요. 막상 써보니 두피가 편안해졌어요. 추천해요.,2025-09-24 10:12:46
r-000107,내추럴 아이팔레트,메이크업,여성,40대,4,운동 후에 사용해봤는데 가볍게 발려요. 전체적으로 발색이 자연스러워요. 잘 쓰고 있어요. 환경에 따라 다를 수 있어요. 메이크업 전에 괜찮았어요.,2025-09-09 20:04:08
r-000108,리페어 에센스,스킨케어,여성,30대,3,자극이 거의 없어요. 막상 써보니 유분감이 남아요. 딱 중간 정도 느낌.,2025-09-04 12:07:57
r-000109,비타민C 세럼,스킨케어,여성,25-29세,5,운동 후에 사용해봤는데 결이 정돈되는 느낌이에요. 게다가 자극이 거의 없어요. 추천해요. 제 피부 기준입니다. 메이크업 전에 괜찮았어요.,2025-05-15 17:42:53
r-000110,풋크림 컴포트,바디케어,여성,50대 이상,4,아침·저녁으로 써봤고 펌프가 편해요. 전체적으로 흡수가 빠른 편이에요. 만족스러워요. 취향 차이는 있을 수 있어요.,2025-06-23 18:17:26
r-000111,쿠션 파운데이션,메이크업,남성,40대,4,샤워 후에 바로 바르고 톤 보정이 깔끔해요. 한동안 써보니 발색이 자연스러워요. 계속 쓰게 돼요. 환경에 따라 다를 수 있어요. 선물용으로도 괜찮아 보여요.,2025-10-07 18:42:49
r-000112,틴트 마스카라,메이크업,남성,30대,3,지속력이 좋아요. 한동안 써보니 색상이 화면이랑 달라요. 호불호 갈릴 듯.,2025-07-19 01:23:01
r-000113,바디 스크럽,바디케어,여성,25-29세,4,운동 후에 사용해봤는데 보습이 오래가요. 막상 써보니 향이 포근하게 남아요. 계속 쓰게 돼요. 선물용으로도 괜찮아 보여요.,2025-07-11 02:08:26
r-000114,시카 진정 토너,스킨케어,남성,20-24세,1,흡수가 느려서 답답해요. 확실히 따갑게 느껴졌어요. 개인차는 있을 듯. 아쉬웠어요.,2025-08-06 12:32:13
r-000115,콜라겐 앰플,스킨케어,여성,25-29세,3,결이 정돈되는 느낌이에요. 전반적으로 따갑게 느껴졌어요. 출근 전에 주로 쓰고. 여행 때 들고 가기 좋을 듯. 딱 중간 정도 느낌.,2025-05-06 13:59:11
r-000116,틴트 마스카라,메이크업,남성,25-29세,5,아침·저녁으로 써봤고 지속력이 좋아요. 게다가 가볍게 발려요. 만족스러워요. 환경에 따라 다를 수 있어요. 선물용으로도 괜찮아 보여요.,2025-05-16 17:26:47
r-000117,시어버터 크림,바디케어,여성,30대,3,펌프가 편해요. 사용해보니 보습이 금방 날아가요. 운동 후에 사용해봤는데. 호불호 갈릴 듯.,2025-08-08 02:51:27
r-000118,세라마이드 로션,스킨케어,남성,25-29세,5,아침·저녁으로 써봤고 보습이 오래가요. 한동안 써보니 메이크업 전에 쓰기 좋아요. 계속 쓰게 돼요. 데일리로 무난해요.,2025-05-20 14:08:22
r-000119,벨벳 립스틱,메이크업,여성,20-24세,4,샤워 후에 바로 바르고 가볍게 발려요. 확실히 밀착이 잘 돼요. 만족스러워요. 데일리로 무난해요.,2025-07-15 21:03:44
r-000120,픽서 메이크업 베이스,메이크업,여성,30대,2,시간 지나면 무너져요. 한동안 써보니 두껍게 올라와요. 제 피부 기준입니다. 아쉬웠어요.,2025-06-09 00:52:10
r-000121,콜라겐 앰플,스킨케어,미지정,25-29세,4,외출 전에 쓰니 보습이 오래가요. 확실히 메이크업 전에 쓰기 좋아요. 계속 쓰게 돼요. 개인차는 있을 듯.,2025-08-15 21:59:30
r-000122,풋크림 컴포트,바디케어,여성,25-29세,2,끈적거려서 불편해요. 확실히 펌프가 뻑뻑해요. 개인차는 있을 듯. 아쉬웠어요.,2025-05-31 22:59:05
r-000123,롱웨어 파운데이션,메이크업,남성,30대,3,밀착이 잘 돼요. 게다가 두껍게 올라와요. 출근 전에 주로 쓰고. 딱 중간 정도 느낌.,2025-08-25 03:51:00
r-000124,플로럴 미스트,향수,남성,30대,4,운동 후에 사용해봤는데 계절감이 잘 맞아요. 전체적으로 첫 향이 상큼해요. 또 살 것 같아요. 여행 때 들고 가기 좋을 듯.,2025-04-07 17:17:29
r-000125,쿠션 파운데이션,메이크업,여성,40대,3,밀착이 잘 돼요. 게다가 색상이 화면이랑 달라요. 상황 봐서 쓸 것 같아요.,2025-05-17 00:17:32
r-000126,픽서 메이크업 베이스,메이크업,여성,30대,5,샤워 후에 바로 바르고 밀착이 잘 돼요. 전반적으로 톤 보정이 깔끔해요. 계속 쓰게 돼요.,2025-08-21 09:16:37
r-000127,리페어 세럼,헤어케어,남성,20-24세,4,출근 전에 주로 쓰고 향이 은은해서 좋아요. 한동안 써보니 거품이 풍성하고 헹굼이 깔끔해요. 잘 쓰고 있어요.,2025-05-09 16:47:40
r-000128,히알루론 나이트크림,스킨케어,남성,40대,4,출근 전에 주로 쓰고 자극이 거의 없어요. 게다가 메이크업 전에 쓰기 좋아요. 가격 생각하면 괜찮아요.,2025-04-04 17:59:45
r-000129,코튼 바디워시,바디케어,남성,40대,4,외출 전에 쓰니 보습이 오래가요. 한동안 써보니 끈적임이 없어서 여름에도 좋아요. 추천해요.,2025-04-04 03:04:35
r-000130,오리엔탈 오 드 퍼퓸,향수,여성,20-24세,5,운동 후에 사용해봤는데 첫 향이 상큼해요. 게다가 과하지 않아서 데일리로 좋아요. 또 살 것 같아요. 개인차는 있을 듯.,2025-09-17 23:49:35
r-000131,콜라겐 앰플,스킨케어,여성,20-24세,2,향이 생각보다 강해요. 확실히 흡수가 느려서 답답해요. 아쉬웠어요.,2025-04-18 14:39:34
r-000132,콜라겐 앰플,스킨케어,남성,50대 이상,5,출근 전에 주로 쓰고 보습이 오래가요. 막상 써보니 자극이 거의 없어요. 계속 쓰게 돼요.,2025-09-07 16:26:47
r-000133,플로럴 미스트,향수,남성,25-29세,3,잔향이 은은하게 오래 남아요. 전반적으로 퍼퓸치곤 연해요. 외출 전에 쓰니. 딱 중간 정도 느낌.,2025-04-25 19:20:03
r-000134,풋크림 컴포트,바디케어,남성,10대,4,출근 전에 주로 쓰고 흡수가 빠른 편이에요. 전체적으로 보습이 오래가요. 추천해요. 데일리로 무난해요.,2025-05-03 13:42:48
r-000135,아쿠아 수분크림,스킨케어,여성,25-29세,5,아침·저녁으로 써봤고 자극이 거의 없어요. 한동안 써보니 메이크업 전에 쓰기 좋아요. 계속 쓰게 돼요.,2025-04-27 09:41:18
r-000136,틴트 마스카라,메이크업,남성,40대,4,샤워 후에 바로 바르고 지속력이 좋아요. 전반적으로 톤 보정이 깔끔해요. 잘 쓰고 있어요. 환경에 따라 다를 수 있어요. 여행 때 들고 가기 좋을 듯.,2025-06-26 21:37:57
r-000137,내추럴 아이팔레트,메이크업,여성,25-29세,2,건조해서 각질이 부각돼요. 전체적으로 얼룩처럼 묻어나요. 제 피부 기준입니다. 아쉬웠어요.,2025-08-07 18:34:58
r-000138,새틴 블러셔,메이크업,남성,50대 이상,3,밀착이 잘 돼요. 게다가 두껍게 올라와요. 운동 후에 사용해봤는데. 데일리로 무난해요. 호불호 갈릴 듯.,2025-07-12 22:41:23
r-000139,볼륨 미스트,헤어케어,남성,30대,2,거품이 잘 안 나요. 막상 써보니 향이 강해서 부담돼요. 저랑은 안 맞아요.,2025-08-11 15:24:48
r-000140,비타민C 세럼,스킨케어,남성,25-29세,4,샤워 후에 바로 바르고 자극이 거의 없어요. 사용해보니 보습이 오래가요. 계속 쓰게 돼요. 환경에 따라 다를 수 있어요. 여행 때 들고 가기 좋을 듯.,2025-08-08 01:50:29
r-000141,쿨링 샴푸,헤어케어,여성,30대,4,아침·저녁으로 써봤고 향이 은은해서 좋아요. 그리고 모발이 차분해요. 추천해요. 데일리로 무난해요.,2025-09-14 20:51:31
r-000142,비타민C 세럼,스킨케어,여성,25-29세,4,외출 전에 쓰니 메이크업 전에 쓰기 좋아요. 게다가 흡수가 부드럽게 돼요. 또 살 것 같아요. 메이크업 전에 괜찮았어요.,2025-08-17 23:03:15
r-000143,데일리 샴푸,헤어케어,남성,25-29세,5,운동 후에 사용해봤는데 드라이가 잘 돼요. 한동안 써보니 향이 은은해서 좋아요. 잘 쓰고 있어요. 여행 때 들고 가기 좋을 듯.,2025-04-03 15:18:39
r-000144,플로럴 미스트,향수,여성,10대,4,외출 전에 쓰니 잔향이 은은하게 오래 남아요. 한동안 써보니 첫 향이 상큼해요. 계속 쓰게 돼요. 메이크업 전에 괜찮았어요.,2025-06-10 00:14:12
r-000145,히알루론 나이트크림,스킨케어,여성,40대,2,향이 생각보다 강해요. 그리고 따갑게 느껴졌어요. 아쉬웠어요.,2025-07-22 15:10:39
r-000146,바디 스크럽,바디케어,여성,25-29세,2,펌프가 뻑뻑해요. 막상 써보니 끈적거려서 불편해요. 아쉬웠어요.,2025-08-11 19:04:37
r-000147,플로럴 미스트,향수,남성,40대,2,호불호가 갈릴 듯해요. 확실히 달달함이 과해요. 취향 차이는 있을 수 있어요. 아쉬웠어요.,2025-07-02 00:12:52
r-000148,샤워 오일,바디케어,여성,30대,3,흡수가 빠른 편이에요. 사용해보니 펌프가 뻑뻑해요. 여행 때 들고 가기 좋을 듯. 호불호 갈릴 듯.,2025-09-11 08:28:52
r-000149,시어버터 크림,바디케어,여성,30대,5,출근 전에 주로 쓰고 흡수가 빠른 편이에요. 전체적으로 끈적임이 없어서 여름에도 좋아요. 추천해요. 데일리로 무난해요.,2025-05-07 11:45:14
r-000150,두피 스케일러,헤어케어,남성,30대,5,외출 전에 쓰니 향이 은은해서 좋아요. 전체적으로 거품이 풍성하고 헹굼이 깔끔해요. 가격 생각하면 괜찮아요. 메이크업 전에 괜찮았어요.,2025-05-23 22:54:39
r-000151,픽서 메이크업 베이스,메이크업,남성,30대,1,두껍게 올라와요. 그리고 건조해서 각질이 부각돼요. 별로였어요.,2025-09-03 01:57:23
r-000152,내추럴 아이팔레트,메이크업,남성,20-24세,4,운동 후에 사용해봤는데 가볍게 발려요. 전체적으로 밀착이 잘 돼요. 잘 쓰고 있어요.,2025-06-13 10:59:19
r-000153,소프트 바디로션,바디케어,여성,25-29세,5,외출 전에 쓰니 펌프가 편해요. 사용해보니 보습이 오래가요. 추천해요. 선물용으로도 괜찮아 보여요.,2025-08-11 11:31:39
r-000154,벨벳 립스틱,메이크업,여성,25-29세,5,출근 전에 주로 쓰고 톤 보정이 깔끔해요. 게다가 가볍게 발려요. 또 살 것 같아요. 건성/지성에 따라 느낌 다를 듯.,2025-10-15 16:28:37
r-000155,내추럴 아이팔레트,메이크업,여성,20-24세,3,발색이 자연스러워요. 게다가 시간 지나면 무너져요. 데일리로 무난해요. 기대만큼은 아니지만 쓸만해요.,2025-10-04 10:26:09
r-000156,픽서 메이크업 베이스,메이크업,여성,30대,3,톤 보정이 깔끔해요. 막상 써보니 시간 지나면 무너져요. 호불호 갈릴 듯.,2025-04-06 03:20:35
r-000157,픽서 메이크업 베이스,메이크업,여성,30대,4,아침·저녁으로 써봤고 지속력이 좋아요. 확실히 톤 보정이 깔끔해요. 계속 쓰게 돼요.,2025-07-21 06:19:47
r-000158,샤워 오일,바디케어,여성,40대,5,아침·저녁으로 써봤고 향이 포근하게 남아요. 게다가 끈적임이 없어서 여름에도 좋아요. 잘 쓰고 있어요. 환경에 따라 다를 수 있어요. 데일리로 무난해요.,2025-08-26 11:04:23
r-000159,바디 스크럽,바디케어,여성,25-29세,1,용량이 아쉬워요. 한동안 써보니 향이 취향이 아니에요. 재구매는 어려울 듯.,2025-09-19 22:47:13
r-000160,비타민C 세럼,스킨케어,남성,20-24세,2,따갑게 느껴졌어요. 그리고 향이 생각보다 강해요. 환경에 따라 다를 수 있어요. 저랑은 안 맞아요.,2025-07-29 12:14:51
r-000161,리페어 에센스,스킨케어,여성,30대,5,아침·저녁으로 써봤고 메이크업 전에 쓰기 좋아요. 그리고 흡수가 부드럽게 돼요. 가격 생각하면 괜찮아요. 환경에 따라 다를 수 있어요.,2025-06-20 15:20:39
r-000162,코튼 바디워시,바디케어,남성,30대,4,외출 전에 쓰니 펌프가 편해요. 게다가 끈적임이 없어서 여름에도 좋아요. 만족스러워요. 메이크업 전에 괜찮았어요.,2025-05-27 22:20:20
r-000163,픽서 메이크업 베이스,메이크업,미지정,10대,4,출근 전에 주로 쓰고 가볍게 발려요. 전체적으로 발색이 자연스러워요. 만족스러워요. 건성/지성에 따라 느낌 다를 듯. 선물용으로도 괜찮아 보여요.,2025-09-25 03:35:09
r-000164,아쿠아 마린 EDT,향수,여성,25-29세,3,과하지 않아서 데일리로 좋아요. 한동안 써보니 호불호가 갈릴 듯해요. 아침·저녁으로 써봤고. 무난한 편이에요.,2025-07-18 04:30:08
r-000165,우디 머스크 퍼퓸,향수,남성,30대,4,출근 전에 주로 쓰고 계절감이 잘 맞아요. 게다가 과하지 않아서 데일리로 좋아요. 가격 생각하면 괜찮아요.,2025-06-03 12:06:48
r-000166,틴트 마스카라,메이크업,남성,25-29세,5,샤워 후에 바로 바르고 가볍게 발려요. 한동안 써보니 밀착이 잘 돼요. 가격 생각하면 괜찮아요. 여행 때 들고 가기 좋을 듯.,2025-08-12 23:47:25
r-000167,크리미 컨실러,메이크업,여성,50대 이상,3,톤 보정이 깔끔해요. 막상 써보니 얼룩처럼 묻어나요. 여행 때 들고 가기 좋을 듯. 딱 중간 정도 느낌.,2025-04-23 15:39:36
r-000168,롱웨어 파운데이션,메이크업,남성,30대,4,운동 후에 사용해봤는데 발색이 자연스러워요. 전체적으로 가볍게 발려요. 또 살 것 같아요. 제 피부 기준입니다.,2025-07-05 23:17:47
r-000169,헤어 오일,헤어케어,남성,30대,4,출근 전에 주로 쓰고 거품이 풍성하고 헹굼이 깔끔해요. 전반적으로 향이 은은해서 좋아요. 만족스러워요.,2025-10-24 17:45:17
r-000170,쿨링 샴푸,헤어케어,여성,25-29세,5,외출 전에 쓰니 향이 은은해서 좋아요. 사용해보니 드라이가 잘 돼요. 가격 생각하면 괜찮아요.,2025-09-28 13:48:12
r-000171,아쿠아 마린 EDT,향수,남성,25-29세,4,출근 전에 주로 쓰고 계절감이 잘 맞아요. 전체적으로 과하지 않아서 데일리로 좋아요. 또 살 것 같아요. 개인차는 있을 듯.,2025-04-10 10:40:52
r-000172,콜라겐 앰플,스킨케어,미지정,20-24세,5,외출 전에 쓰니 보습이 오래가요. 그리고 결이 정돈되는 느낌이에요. 계속 쓰게 돼요. 제 피부 기준입니다. 주말 외출용으로 딱.,2025-09-22 07:36:33
r-000173,리페어 에센스,스킨케어,남성,25-29세,3,결이 정돈되는 느낌이에요. 사용해보니 유분감이 남아요. 선물용으로도 괜찮아 보여요. 상황 봐서 쓸 것 같아요.,2025-04-07 09:26:48
r-000174,데일리 샴푸,헤어케어,여성,20-24세,2,거품이 잘 안 나요. 게다가 모발이 뻣뻣해졌어요. 제 피부 기준입니다. 기대 이하였다.,2025-08-10 10:53:13
r-000175,아쿠아 수분크림,스킨케어,여성,40대,4,아침·저녁으로 써봤고 메이크업 전에 쓰기 좋아요. 전반적으로 결이 정돈되는 느낌이에요. 계속 쓰게 돼요.,2025-06-24 22:01:28
r-000176,아쿠아 마린 EDT,향수,여성,25-29세,2,퍼퓸치곤 연해요. 그리고 지속력이 짧아요. 제 피부 기준입니다. 비추천합니다.,2025-09-03 14:26:38
r-000177,프레시 코롱,향수,남성,25-29세,2,지속력이 짧아요. 확실히 달달함이 과해요. 저랑은 안 맞아요.,2025-09-21 18:53:48
r-000178,오리엔탈 오 드 퍼퓸,향수,남성,40대,3,과하지 않아서 데일리로 좋아요. 게다가 달달함이 과해요. 출근 전에 주로 쓰고. 메이크업 전에 괜찮았어요. 기대만큼은 아니지만 쓸만해요.,2025-05-23 22:29:28
r-000179,단백질 헤어팩,헤어케어,남성,30대,2,두피가 간질거렸어요. 전반적으로 향이 강해서 부담돼요. 취향 차이는 있을 수 있어요. 저랑은 안 맞아요.,2025-08-28 08:20:38
r-000180,시카 진정 토너,스킨케어,남성,30대,5,외출 전에 쓰니 자극이 거의 없어요. 확실히 결이 정돈되는 느낌이에요. 추천해요.,2025-10-09 16:01:11
r-000181,리페어 에센스,스킨케어,남성,30대,2,트러블이 조금 올라왔어요. 막상 써보니 유분감이 남아요. 저랑은 안 맞아요.,2025-07-18 11:55:22
r-000182,리페어 세럼,헤어케어,남성,40대,4,운동 후에 사용해봤는데 드라이가 잘 돼요. 전반적으로 향이 은은해서 좋아요. 잘 쓰고 있어요. 선물용으로도 괜찮아 보여요.,2025-05-11 16:02:24
r-000183,세라마이드 로션,스킨케어,남성,30대,5,외출 전에 쓰니 흡수가 부드럽게 돼요. 막상 써보니 보습이 오래가요. 추천해요.,2025-10-18 22:02:59
r-000184,핸드크림 클래식,바디케어,여성,50대 이상,2,보습이 금방 날아가요. 그리고 펌프가 뻑뻑해요. 비추천합니다.,2025-10-18 14:17:15
r-000185,우디 머스크 퍼퓸,향수,여성,30대,4,외출 전에 쓰니 첫 향이 상큼해요. 게다가 무난하게 쓰기 좋아요. 추천해요.,2025-08-04 14:45:31
r-000186,내추럴 아이팔레트,메이크업,여성,50대 이상,4,운동 후에 사용해봤는데 발색이 자연스러워요. 전체적으로 밀착이 잘 돼요. 계속 쓰게 돼요. 메이크업 전에 괜찮았어요.,2025-04-12 00:44:39
r-000187,픽서 메이크업 베이스,메이크업,남성,30대,4,아침·저녁으로 써봤고 지속력이 좋아요. 사용해보니 발색이 자연스러워요. 잘 쓰고 있어요.,2025-07-20 02:31:45
r-000188,오리엔탈 오 드 퍼퓸,향수,여성,30대,5,샤워 후에 바로 바르고 무난하게 쓰기 좋아요. 한동안 써보니 계절감이 잘 맞아요. 계속 쓰게 돼요. 제 피부 기준입니다.,2025-04-07 08:52:19
r-000189,새틴 블러셔,메이크업,여성,25-29세,3,가볍게 발려요. 확실히 건조해서 각질이 부각돼요. 아침·저녁으로 써봤고. 상황 봐서 쓸 것 같아요.,2025-10-09 19:08:25
r-000190,쿠션 파운데이션,메이크업,남성,40대,3,지속력이 좋아요. 게다가 색상이 화면이랑 달라요. 메이크업 전에 괜찮았어요. 호불호 갈릴 듯.,2025-04-25 21:01:08
r-000191,우디 머스크 퍼퓸,향수,남성,25-29세,4,샤워 후에 바로 바르고 계절감이 잘 맞아요. 막상 써보니 첫 향이 상큼해요. 추천해요.,2025-08-05 09:43:28
r-000192,콜라겐 앰플,스킨케어,남성,40대,3,보습이 오래가요. 그리고 유분감이 남아요. 출근 전에 주로 쓰고. 기대만큼은 아니지만 쓸만해요.,2025-09-30 14:10:12
r-000193,프로바이오틱스 크림,스킨케어,여성,20-24세,4,출근 전에 주로 쓰고 자극이 거의 없어요. 그리고 결이 정돈되는 느낌이에요. 만족스러워요. 여행 때 들고 가기 좋을 듯.,2025-09-11 22:30:53
r-000194,크리미 컨실러,메이크업,남성,30대,3,가볍게 발려요. 전반적으로 두껍게 올라와요. 선물용으로도 괜찮아 보여요. 기대만큼은 아니지만 쓸만해요.,2025-04-03 05:02:37
r-000195,바디오일 라이트,바디케어,여성,25-29세,4,출근 전에 주로 쓰고 끈적임이 없어서 여름에도 좋아요. 전반적으로 흡수가 빠른 편이에요. 만족스러워요. 개인차는 있을 듯. 선물용으로도 괜찮아 보여요.,2025-08-19 09:08:22
r-000196,바디 스크럽,바디케어,남성,20-24세,4,운동 후에 사용해봤는데 흡수가 빠른 편이에요. 그리고 끈적임이 없어서 여름에도 좋아요. 만족스러워요. 개인차는 있을 듯.,2025-07-03 18:35:05
r-000197,가든 로즈 퍼퓸,향수,남성,30대,5,샤워 후에 바로 바르고 첫 향이 상큼해요. 사용해보니 잔향이 은은하게 오래 남아요. 또 살 것 같아요.,2025-05-01 07:03:36
r-000198,세라마이드 로션,스킨케어,남성,10대,5,운동 후에 사용해봤는데 자극이 거의 없어요. 한동안 써보니 흡수가 부드럽게 돼요. 만족스러워요. 주말 외출용으로 딱.,2025-07-18 10:20:17
r-000199,아쿠아 수분크림,스킨케어,남성,10대,5,운동 후에 사용해봤는데 흡수가 부드럽게 돼요. 사용해보니 결이 정돈되는 느낌이에요. 만족스러워요. 제 피부 기준입니다.,2025-09-05 04:35:03
r-000200,샤워 오일,바디케어,여성,25-29세,1,향이 취향이 아니에요. 한동안 써보니 끈적거려서 불편해요. 개인차는 있을 듯. 별로였어요.,2025-06-25 15:54:05
r-000201,쿨링 샴푸,헤어케어,남성,40대,5,운동 후에 사용해봤는데 모발이 차분해요. 전체적으로 향이 은은해서 좋아요. 만족스러워요. 제 피부 기준입니다.,2025-07-28 12:32:37
r-000202,쿠션 파운데이션,메이크업,남성,30대,5,출근 전에 주로 쓰고 발색이 자연스러워요. 막상 써보니 가볍게 발려요. 추천해요.,2025-05-15 01:47:56
r-000203,세라마이드 로션,스킨케어,미지정,10대,4,운동 후에 사용해봤는데 자극이 거의 없어요. 전반적으로 메이크업 전에 쓰기 좋아요. 가격 생각하면 괜찮아요.,2025-10-14 19:11:34
r-000204,샤워 오일,바디케어,여성,20-24세,4,출근 전에 주로 쓰고 향이 포근하게 남아요. 사용해보니 보습이 오래가요. 추천해요. 선물용으로도 괜찮아 보여요.,2025-07-20 01:51:31
r-000205,시트러스 오 드 뚜왈렛,향수,남성,20-24세,3,무난하게 쓰기 좋아요. 그리고 호불호가 갈릴 듯해요. 상황 봐서 쓸 것 같아요.,2025-07-02 07:02:49
r-000206,벨벳 립스틱,메이크업,남성,50대 이상,2,시간 지나면 무너져요. 한동안 써보니 건조해서 각질이 부각돼요. 재구매는 어려울 듯.,2025-07-24 17:08:28
r-000207,헤어 오일,헤어케어,남성,50대 이상,4,샤워 후에 바로 바르고 향이 은은해서 좋아요. 확실히 드라이가 잘 돼요. 잘 쓰고 있어요. 주말 외출용으로 딱.,2025-05-15 00:34:26
r-000208,플로럴 미스트,향수,남성,25-29세,5,출근 전에 주로 쓰고 무난하게 쓰기 좋아요. 전체적으로 과하지 않아서 데일리로 좋아요. 또 살 것 같아요.,2025-09-02 19:16:05
r-000209,새틴 블러셔,메이크업,여성,30대,4,샤워 후에 바로 바르고 지속력이 좋아요. 한동안 써보니 가볍게 발려요. 잘 쓰고 있어요. 개인차는 있을 듯.,2025-05-24 10:52:31
r-000210,쿠션 파운데이션,메이크업,남성,30대,4,운동 후에 사용해봤는데 밀착이 잘 돼요. 전체적으로 지속력이 좋아요. 추천해요.,2025-10-28 13:53:28
r-000211,가든 로즈 퍼퓸,향수,여성,40대,3,계절감이 잘 맞아요. 전체적으로 지속력이 짧아요. 아침·저녁으로 써봤고. 딱 중간 정도 느낌.,2025-08-24 12:35:58
r-000212,내추럴 아이팔레트,메이크업,여성,25-29세,4,출근 전에 주로 쓰고 밀착이 잘 돼요. 막상 써보니 톤 보정이 깔끔해요. 만족스러워요. 메이크업 전에 괜찮았어요.,2025-06-19 16:47:47
r-000213,비타민C 세럼,스킨케어,남성,20-24세,5,아침·저녁으로 써봤고 보습이 오래가요. 사용해보니 메이크업 전에 쓰기 좋아요. 만족스러워요.,2025-08-26 14:56:45
r-000214,픽서 메이크업 베이스,메이크업,여성,20-24세,4,운동 후에 사용해봤는데 톤 보정이 깔끔해요. 게다가 가볍게 발려요. 만족스러워요. 환경에 따라 다를 수 있어요.,2025-10-06 09:53:35
r-000215,두피 스케일러,헤어케어,남성,25-29세,4,운동 후에 사용해봤는데 모발이 차분해요. 막상 써보니 거품이 풍성하고 헹굼이 깔끔해요. 계속 쓰게 돼요.,2025-06-08 01:31:54
r-000216,콜라겐 앰플,스킨케어,여성,20-24세,1,따갑게 느껴졌어요. 한동안 써보니 유분감이 남아요. 제 피부 기준입니다. 별로였어요.,2025-10-29 11:02:19
r-000217,비타민C 세럼,스킨케어,남성,20-24세,3,메이크업 전에 쓰기 좋아요. 한동안 써보니 흡수가 느려서 답답해요. 무난한 편이에요.,2025-08-14 02:59:52
r-000218,히알루론 나이트크림,스킨케어,남성,25-29세,1,트러블이 조금 올라왔어요. 막상 써보니 흡수가 느려서 답답해요. 재구매는 어려울 듯.,2025-04-24 09:10:10
r-000219,핸드크림 클래식,바디케어,미지정,10대,4,외출 전에 쓰니 흡수가 빠른 편이에요. 한동안 써보니 향이 포근하게 남아요. 또 살 것 같아요.,2025-05-26 20:37:34
r-000220,풋크림 컴포트,바디케어,여성,25-29세,4,운동 후에 사용해봤는데 펌프가 편해요. 막상 써보니 향이 포근하게 남아요. 가격 생각하면 괜찮아요. 환경에 따라 다를 수 있어요.,2025-09-11 14:58:43
r-000221,두피 스케일러,헤어케어,여성,20-24세,4,외출 전에 쓰니 드라이가 잘 돼요. 게다가 거품이 풍성하고 헹굼이 깔끔해요. 잘 쓰고 있어요.,2025-05-21 15:41:13
r-000222,플로럴 미스트,향수,여성,40대,1,호불호가 갈릴 듯해요. 사용해보니 머리가 아픈 류의 향이에요. 기대 이하였다.,2025-09-09 12:27:31
r-000223,내추럴 아이팔레트,메이크업,남성,25-29세,5,외출 전에 쓰니 지속력이 좋아요. 그리고 발색이 자연스러워요. 또 살 것 같아요. 선물용으로도 괜찮아 보여요.,2025-05-19 14:25:46
r-000224,가든 로즈 퍼퓸,향수,여성,40대,5,운동 후에 사용해봤는데 무난하게 쓰기 좋아요. 막상 써보니 과하지 않아서 데일리로 좋아요. 또 살 것 같아요. 메이크업 전에 괜찮았어요.,2025-06-21 20:38:24
r-000225,프레시 코롱,향수,여성,20-24세,5,출근 전에 주로 쓰고 무난하게 쓰기 좋아요. 전체적으로 첫 향이 상큼해요. 추천해요. 취향 차이는 있을 수 있어요.,2025-07-05 19:34:22
r-000226,틴트 마스카라,메이크업,여성,25-29세,1,시간 지나면 무너져요. 게다가 두껍게 올라와요. 별로였어요.,2025-10-28 12:35:40
r-000227,내추럴 아이팔레트,메이크업,여성,40대,4,운동 후에 사용해봤는데 톤 보정이 깔끔해요. 막상 써보니 가볍게 발려요. 계속 쓰게 돼요.,2025-08-15 00:26:40
r-000228,아쿠아 수분크림,스킨케어,여성,25-29세,4,아침·저녁으로 써봤고 결이 정돈되는 느낌이에요. 전체적으로 보습이 오래가요. 잘 쓰고 있어요. 데일리로 무난해요.,2025-04-07 14:24:14
r-000229,시카 진정 토너,스킨케어,남성,20-24세,5,운동 후에 사용해봤는데 자극이 거의 없어요. 확실히 메이크업 전에 쓰기 좋아요. 계속 쓰게 돼요. 건성/지성에 따라 느낌 다를 듯.,2025-09-06 04:53:11
r-000230,롱웨어 파운데이션,메이크업,남성,10대,4,출근 전에 주로 쓰고 지속력이 좋아요. 확실히 톤 보정이 깔끔해요. 만족스러워요. 개인차는 있을 듯. 메이크업 전에 괜찮았어요.,2025-04-07 10:27:38
r-000231,바디 스크럽,바디케어,남성,20-24세,4,출근 전에 주로 쓰고 향이 포근하게 남아요. 사용해보니 흡수가 빠른 편이에요. 계속 쓰게 돼요.,2025-08-29 05:02:26
r-000232,크리미 컨실러,메이크업,남성,20-24세,4,샤워 후에 바로 바르고 밀착이 잘 돼요. 전체적으로 가볍게 발려요. 또 살 것 같아요. 건성/지성에 따라 느낌 다를 듯.,2025-08-07 12:54:12
r-000233,시트러스 오 드 뚜왈렛,향수,여성,10대,3,첫 향이 상큼해요. 전체적으로 퍼퓸치곤 연해요. 출근 전에 주로 쓰고. 데일리로 무난해요. 호불호 갈릴 듯.,2025-06-01 12:49:58
r-000234,코튼 바디워시,바디케어,남성,30대,4,운동 후에 사용해봤는데 흡수가 빠른 편이에요. 확실히 보습이 오래가요. 만족스러워요. 데일리로 무난해요.,2025-06-19 14:25:01
r-000235,프로바이오틱스 크림,스킨케어,여성,40대,3,보습이 오래가요. 그리고 유분감이 남아요. 기대만큼은 아니지만 쓸만해요.,2025-04-28 22:57:08
r-000236,시트러스 오 드 뚜왈렛,향수,여성,40대,2,퍼퓸치곤 연해요. 막상 써보니 호불호가 갈릴 듯해요. 비추천합니다.,2025-10-16 00:09:03
r-000237,핸드크림 클래식,바디케어,여성,40대,1,향이 취향이 아니에요. 그리고 보습이 금방 날아가요. 재구매는 어려울 듯.,2025-09-16 09:33:18
r-000238,오리엔탈 오 드 퍼퓸,향수,여성,40대,5,운동 후에 사용해봤는데 첫 향이 상큼해요. 확실히 무난하게 쓰기 좋아요. 추천해요. 여행 때 들고 가기 좋을 듯.,2025-08-04 01:22:25
r-000239,크리미 컨실러,메이크업,여성,20-24세,5,샤워 후에 바로 바르고 지속력이 좋아요. 한동안 써보니 가볍게 발려요. 가격 생각하면 괜찮아요. 환경에 따라 다를 수 있어요.,2025-10-15 04:24:33
r-000240,세라마이드 로션,스킨케어,여성,20-24세,4,샤워 후에 바로 바르고 흡수가 부드럽게 돼요. 한동안 써보니 보습이 오래가요. 가격 생각하면 괜찮아요. 건성/지성에 따라 느낌 다를 듯.,2025-07-04 11:22:16
r-000241,샤워 오일,바디케어,남성,30대,5,운동 후에 사용해봤는데 보습이 오래가요. 전체적으로 향이 포근하게 남아요. 계속 쓰게 돼요. 건성/지성에 따라 느낌 다를 듯.,2025-05-06 04:01:52
r-000242,쿠션 파운데이션,메이크업,미지정,40대,4,아침·저녁으로 써봤고 가볍게 발려요. 확실히 톤 보정이 깔끔해요. 잘 쓰고 있어요. 취향 차이는 있을 수 있어요. 메이크업 전에 괜찮았어요.,2025-09-17 17:33:15
r-000243,바디 스크럽,바디케어,여성,30대,2,용량이 아쉬워요. 그리고 펌프가 뻑뻑해요. 재구매는 어려울 듯.,2025-06-01 06:05:15
r-000244,단백질 헤어팩,헤어케어,여성,40대,2,모발이 뻣뻣해졌어요. 사용해보니 두피가 간질거렸어요. 저랑은 안 맞아요.,2025-06-15 02:33:42
r-000245,아쿠아 수분크림,스킨케어,여성,30대,3,메이크업 전에 쓰기 좋아요. 그리고 유분감이 남아요. 무난한 편이에요.,2025-07-19 07:44:56
r-000246,플로럴 미스트,향수,여성,50대 이상,5,아침·저녁으로 써봤고 계절감이 잘 맞아요. 전반적으로 첫 향이 상큼해요. 가격 생각하면 괜찮아요.,2025-09-15 22:10:40
r-000247,화이트 티 코롱,향수,여성,30대,3,첫 향이 상큼해요. 그리고 지속력이 짧아요. 무난한 편이에요.,2025-07-16 10:55:30
r-000248,핸드크림 클래식,바디케어,여성,20-24세,5,출근 전에 주로 쓰고 향이 포근하게 남아요. 게다가 펌프가 편해요. 잘 쓰고 있어요.,2025-06-26 04:01:07
r-000249,바디오일 라이트,바디케어,여성,30대,2,향이 취향이 아니에요. 전반적으로 끈적거려서 불편해요. 개인차는 있을 듯. 아쉬웠어요.,2025-08-27 08:07:09
r-000250,시트러스 오 드 뚜왈렛,향수,여성,20-24세,3,과하지 않아서 데일리로 좋아요. 확실히 달달함이 과해요. 무난한 편이에요.,2025-10-22 07:27:21
r-000251,세라마이드 로션,스킨케어,남성,30대,1,트러블이 조금 올라왔어요. 전반적으로 따갑게 느껴졌어요. 비추천합니다.,2025-04-07 11:25:27
r-000252,샤워 오일,바디케어,여성,10대,4,샤워 후에 바로 바르고 펌프가 편해요. 막상 써보니 흡수가 빠른 편이에요. 만족스러워요. 선물용으로도 괜찮아 보여요.,2025-08-02 13:31:31
r-000253,프로바이오틱스 크림,스킨케어,여성,50대 이상,4,운동 후에 사용해봤는데 자극이 거의 없어요. 게다가 결이 정돈되는 느낌이에요. 계속 쓰게 돼요. 환경에 따라 다를 수 있어요. 데일리로 무난해요.,2025-08-13 13:45:12
r-000254,풋크림 컴포트,바디케어,여성,40대,4,운동 후에 사용해봤는데 향이 포근하게 남아요. 그리고 흡수가 빠른 편이에요. 가격 생각하면 괜찮아요. 환경에 따라 다를 수 있어요.,2025-10-08 18:03:13
r-000255,쿨링 샴푸,헤어케어,여성,25-29세,4,샤워 후에 바로 바르고 두피가 편안해졌어요. 막상 써보니 모발이 차분해요. 추천해요. 제 피부 기준입니다.,2025-10-13 07:12:56
r-000256,콜라겐 앰플,스킨케어,남성,25-29세,5,아침·저녁으로 써봤고 결이 정돈되는 느낌이에요. 전체적으로 보습이 오래가요. 가격 생각하면 괜찮아요.,2025-04-25 20:15:18
r-000257,새틴 블러셔,메이크업,여성,30대,5,출근 전에 주로 쓰고 가볍게 발려요. 확실히 밀착이 잘 돼요. 잘 쓰고 있어요. 취향 차이는 있을 수 있어요. 메이크업 전에 괜찮았어요.,2025-06-19 19:48:54
r-000258,내추럴 아이팔레트,메이크업,남성,30대,5,외출 전에 쓰니 톤 보정이 깔끔해요. 막상 써보니 지속력이 좋아요. 만족스러워요.,2025-09-22 10:33:53
r-000259,단백질 헤어팩,헤어케어,미지정,20-24세,4,운동 후에 사용해봤는데 드라이가 잘 돼요. 한동안 써보니 모발이 차분해요. 만족스러워요. 건성/지성에 따라 느낌 다를 듯. 메이크업 전에 괜찮았어요.,2025-06-12 17:43:08
r-000260,코튼 바디워시,바디케어,미지정,30대,2,보습이 금방 날아가요. 전반적으로 향이 취향이 아니에요. 개인차는 있을 듯. 기대 이하였다.,2025-04-18 05:42:29
r-000261,히알루론 나이트크림,스킨케어,여성,20-24세,4,아침·저녁으로 써봤고 자극이 거의 없어요. 막상 써보니 보습이 오래가요. 계속 쓰게 돼요.,2025-07-22 18:18:32
r-000262,우디 머스크 퍼퓸,향수,여성,40대,3,과하지 않아서 데일리로 좋아요. 한동안 써보니 퍼퓸치곤 연해요. 상황 봐서 쓸 것 같아요.,2025-07-16 22:01:47
r-000263,시어버터 크림,바디케어,남성,40대,3,향이 포근하게 남아요. 게다가 용량이 아쉬워요. 운동 후에 사용해봤는데. 주말 외출용으로 딱. 상황 봐서 쓸 것 같아요.,2025-09-06 17:59:08
r-000264,시어버터 크림,바디케어,여성,25-29세,3,향이 포근하게 남아요. 전체적으로 펌프가 뻑뻑해요. 출근 전에 주로 쓰고. 무난한 편이에요.,2025-06-17 16:17:32
r-000265,풋크림 컴포트,바디케어,여성,10대,4,운동 후에 사용해봤는데 보습이 오래가요. 게다가 끈적임이 없어서 여름에도 좋아요. 또 살 것 같아요. 선물용으로도 괜찮아 보여요.,2025-10-29 15:55:25
r-000266,코튼 바디워시,바디케어,남성,30대,3,향이 포근하게 남아요. 확실히 용량이 아쉬워요. 출근 전에 주로 쓰고. 호불호 갈릴 듯.,2025-04-13 18:40:59
r-000267,벨벳 립스틱,메이크업,남성,30대,3,지속력이 좋아요. 전반적으로 색상이 화면이랑 달라요. 선물용으로도 괜찮아 보여요. 상황 봐서 쓸 것 같아요.,2025-05-31 12:03:02
r-000268,샤워 오일,바디케어,미지정,30대,2,펌프가 뻑뻑해요. 전반적으로 끈적거려서 불편해요. 기대 이하였다.,2025-08-05 14:25:59
r-000269,두피 스케일러,헤어케어,여성,25-29세,5,샤워 후에 바로 바르고 두피가 편안해졌어요. 확실히 모발이 차분해요. 계속 쓰게 돼요.,2025-06-28 07:55:46
r-000270,아쿠아 수분크림,스킨케어,여성,10대,3,결이 정돈되는 느낌이에요. 확실히 트러블이 조금 올라왔어요. 딱 중간 정도 느낌.,2025-07-22 06:29:53
r-000271,샤워 오일,바디케어,여성,30대,5,출근 전에 주로 쓰고 향이 포근하게 남아요. 그리고 흡수가 빠른 편이에요. 계속 쓰게 돼요. 메이크업 전에 괜찮았어요.,2025-09-21 03:11:46
r-000272,샤워 오일,바디케어,남성,30대,5,아침·저녁으로 써봤고 흡수가 빠른 편이에요. 확실히 끈적임이 없어서 여름에도 좋아요. 만족스러워요. 건성/지성에 따라 느낌 다를 듯. 데일리로 무난해요.,2025-04-28 03:12:35
r-000273,틴트 마스카라,메이크업,여성,40대,1,두껍게 올라와요. 확실히 시간 지나면 무너져요. 개인차는 있을 듯. 재구매는 어려울 듯.,2025-06-13 21:42:25
r-000274,틴트 마스카라,메이크업,남성,20-24세,1,색상이 화면이랑 달라요. 전반적으로 시간 지나면 무너져요. 건성/지성에 따라 느낌 다를 듯. 아쉬웠어요.,2025-10-18 00:45:58
r-000275,쿠션 파운데이션,메이크업,여성,10대,4,외출 전에 쓰니 가볍게 발려요. 사용해보니 발색이 자연스러워요. 계속 쓰게 돼요. 환경에 따라 다를 수 있어요. 메이크업 전에 괜찮았어요.,2025-04-13 11:16:28
r-000276,히알루론 나이트크림,스킨케어,남성,20-24세,5,아침·저녁으로 써봤고 흡수가 부드럽게 돼요. 그리고 결이 정돈되는 느낌이에요. 추천해요. 건성/지성에 따라 느낌 다를 듯. 여행 때 들고 가기 좋을 듯.,2025-06-28 01:45:51
r-000277,쿠션 파운데이션,메이크업,남성,10대,4,출근 전에 주로 쓰고 가볍게 발려요. 확실히 발색이 자연스러워요. 계속 쓰게 돼요.,2025-08-05 04:21:42
r-000278,프로바이오틱스 크림,스킨케어,여성,30대,5,출근 전에 주로 쓰고 메이크업 전에 쓰기 좋아요. 한동안 써보니 흡수가 부드럽게 돼요. 잘 쓰고 있어요. 건성/지성에 따라 느낌 다를 듯.,2025-06-29 11:14:23
r-000279,틴트 마스카라,메이크업,남성,10대,4,외출 전에 쓰니 밀착이 잘 돼요. 막상 써보니 발색이 자연스러워요. 또 살 것 같아요. 선물용으로도 괜찮아 보여요.,2025-08-15 23:26:07
r-000280,틴트 마스카라,메이크업,여성,30대,5,운동 후에 사용해봤는데 가볍게 발려요. 한동안 써보니 지속력이 좋아요. 계속 쓰게 돼요. 주말 외출용으로 딱.,2025-05-24 19:05:42
r-000281,새틴 블러셔,메이크업,여성,40대,4,외출 전에 쓰니 발색이 자연스러워요. 한동안 써보니 가볍게 발려요. 잘 쓰고 있어요. 선물용으로도 괜찮아 보여요.,2025-05-20 21:28:56
r-000282,픽서 메이크업 베이스,메이크업,여성,30대,5,외출 전에 쓰니 지속력이 좋아요. 전체적으로 밀착이 잘 돼요. 추천해요. 주말 외출용으로 딱.,2025-08-16 10:05:42
r-000283,롱웨어 파운데이션,메이크업,남성,20-24세,5,운동 후에 사용해봤는데 밀착이 잘 돼요. 전체적으로 발색이 자연스러워요. 추천해요. 개인차는 있을 듯. 주말 외출용으로 딱.,2025-07-17 13:57:03
r-000284,프로바이오틱스 크림,스킨케어,남성,40대,2,유분감이 남아요. 확실히 향이 생각보다 강해요. 아쉬웠어요.,2025-04-09 06:54:25
r-000285,크리미 컨실러,메이크업,여성,10대,5,외출 전에 쓰니 가볍게 발려요. 그리고 밀착이 잘 돼요. 추천해요. 선물용으로도 괜찮아 보여요.,2025-08-23 21:57:39
r-000286,프로바이오틱스 크림,스킨케어,여성,25-29세,5,외출 전에 쓰니 메이크업 전에 쓰기 좋아요. 막상 써보니 보습이 오래가요. 잘 쓰고 있어요. 여행 때 들고 가기 좋을 듯.,2025-07-29 19:05:57
r-000287,세라마이드 로션,스킨케어,여성,30대,3,자극이 거의 없어요. 전반적으로 흡수가 느려서 답답해요. 운동 후에 사용해봤는데. 상황 봐서 쓸 것 같아요.,2025-06-02 23:48:01
r-000288,핸드크림 클래식,바디케어,여성,20-24세,2,펌프가 뻑뻑해요. 확실히 향이 취향이 아니에요. 환경에 따라 다를 수 있어요. 저랑은 안 맞아요.,2025-05-06 12:26:49
r-000289,볼륨 미스트,헤어케어,남성,40대,2,모발이 뻣뻣해졌어요. 게다가 유분감이 쉽게 올라와요. 비추천합니다.,2025-04-02 22:15:42
r-000290,아쿠아 마린 EDT,향수,여성,20-24세,5,외출 전에 쓰니 과하지 않아서 데일리로 좋아요. 사용해보니 무난하게 쓰기 좋아요. 또 살 것 같아요. 취향 차이는 있을 수 있어요.,2025-04-29 15:38:53
r-000291,크리미 컨실러,메이크업,남성,20-24세,4,출근 전에 주로 쓰고 톤 보정이 깔끔해요. 막상 써보니 가볍게 발려요. 계속 쓰게 돼요. 제 피부 기준입니다.,2025-08-01 14:15:14
r-000292,바디 스크럽,바디케어,여성,20-24세,4,아침·저녁으로 써봤고 향이 포근하게 남아요. 그리고 끈적임이 없어서 여름에도 좋아요. 잘 쓰고 있어요.,2025-06-28 05:36:30
r-000293,픽서 메이크업 베이스,메이크업,여성,20-24세,2,색상이 화면이랑 달라요. 사용해보니 얼룩처럼 묻어나요. 개인차는 있을 듯. 비추천합니다.,2025-04-03 10:43:30
r-000294,콜라겐 앰플,스킨케어,여성,40대,5,외출 전에 쓰니 자극이 거의 없어요. 그리고 흡수가 부드럽게 돼요. 또 살 것 같아요. 제 피부 기준입니다.,2025-10-23 08:27:30
r-000295,픽서 메이크업 베이스,메이크업,여성,25-29세,3,톤 보정이 깔끔해요. 전반적으로 시간 지나면 무너져요. 외출 전에 쓰니. 메이크업 전에 괜찮았어요. 딱 중간 정도 느낌.,2025-09-30 14:29:15
r-000296,바디오일 라이트,바디케어,여성,30대,4,운동 후에 사용해봤는데 보습이 오래가요. 게다가 끈적임이 없어서 여름에도 좋아요. 잘 쓰고 있어요.,2025-09-07 05:28:01
r-000297,크리미 컨실러,메이크업,여성,20-24세,4,운동 후에 사용해봤는데 지속력이 좋아요. 전반적으로 밀착이 잘 돼요. 추천해요.,2025-10-26 01:35:48
r-000298,바디 스크럽,바디케어,남성,30대,2,향이 취향이 아니에요. 사용해보니 끈적거려서 불편해요. 제 피부 기준입니다. 비추천합니다.,2025-09-19 11:02:31
r-000299,단백질 헤어팩,헤어케어,여성,40대,5,아침·저녁으로 써봤고 향이 은은해서 좋아요. 게다가 거품이 풍성하고 헹굼이 깔끔해요. 또 살 것 같아요.,2025-09-03 16:35:55
r-000300,리페어 에센스,스킨케어,남성,30대,5,출근 전에 주로 쓰고 흡수가 부드럽게 돼요. 한동안 써보니 자극이 거의 없어요. 계속 쓰게 돼요. 환경에 따라 다를 수 있어요.,2025-09-29 12:52:29
r-000301,딥케어 트리트먼트,헤어케어,여성,50대 이상,3,드라이가 잘 돼요. 확실히 유분감이 쉽게 올라와요. 메이크업 전에 괜찮았어요. 기대만큼은 아니지만 쓸만해요.,2025-06-07 10:04:32
r-000302,콜라겐 앰플,스킨케어,남성,30대,5,출근 전에 주로 쓰고 결이 정돈되는 느낌이에요. 전반적으로 메이크업 전에 쓰기 좋아요. 만족스러워요.,2025-05-29 18:32:20
r-000303,데일리 샴푸,헤어케어,여성,20-24세,4,아침·저녁으로 써봤고 두피가 편안해졌어요. 한동안 써보니 모발이 차분해요. 추천해요. 취향 차이는 있을 수 있어요. 여행 때 들고 가기 좋을 듯.,2025-07-02 22:51:50
r-000304,가든 로즈 퍼퓸,향수,남성,50대 이상,3,과하지 않아서 데일리로 좋아요. 게다가 달달함이 과해요. 딱 중간 정도 느낌.,2025-05-02 12:26:33
r-000305,새틴 블러셔,메이크업,여성,30대,3,발색이 자연스러워요. 전체적으로 얼룩처럼 묻어나요. 여행 때 들고 가기 좋을 듯. 기대만큼은 아니지만 쓸만해요.,2025-05-12 19:18:50
r-000306,바디 스크럽,바디케어,미지정,25-29세,4,샤워 후에 바로 바르고 끈적임이 없어서 여름에도 좋아요. 전체적으로 보습이 오래가요. 계속 쓰게 돼요.,2025-10-18 16:30:03
r-000307,아쿠아 마린 EDT,향수,남성,30대,2,달달함이 과해요. 막상 써보니 머리가 아픈 류의 향이에요. 저랑은 안 맞아요.,2025-08-08 04:45:23
r-000308,시어버터 크림,바디케어,남성,20-24세,2,용량이 아쉬워요. 그리고 보습이 금방 날아가요. 아쉬웠어요.,2025-05-31 01:33:44
r-000309,우디 머스크 퍼퓸,향수,여성,30대,4,운동 후에 사용해봤는데 잔향이 은은하게 오래 남아요. 전체적으로 과하지 않아서 데일리로 좋아요. 계속 쓰게 돼요.,2025-10-09 00:16:13
r-000310,딥케어 트리트먼트,헤어케어,여성,25-29세,3,두피가 편안해졌어요. 한동안 써보니 향이 강해서 부담돼요. 출근 전에 주로 쓰고. 무난한 편이에요.,2025-09-11 18:59:48
r-000311,크리미 컨실러,메이크업,여성,20-24세,4,외출 전에 쓰니 밀착이 잘 돼요. 그리고 톤 보정이 깔끔해요. 또 살 것 같아요. 선물용으로도 괜찮아 보여요.,2025-07-06 11:43:20
r-000312,바디 스크럽,바디케어,남성,10대,2,용량이 아쉬워요. 막상 써보니 보습이 금방 날아가요. 개인차는 있을 듯. 별로였어요.,2025-05-13 23:20:54
r-000313,딥케어 트리트먼트,헤어케어,남성,30대,5,외출 전에 쓰니 드라이가 잘 돼요. 전체적으로 모발이 차분해요. 가격 생각하면 괜찮아요. 취향 차이는 있을 수 있어요.,2025-09-24 12:36:54
r-000314,데일리 샴푸,헤어케어,여성,10대,5,운동 후에 사용해봤는데 향이 은은해서 좋아요. 게다가 두피가 편안해졌어요. 잘 쓰고 있어요.,2025-10-03 22:35:48
r-000315,세라마이드 로션,스킨케어,여성,30대,5,샤워 후에 바로 바르고 메이크업 전에 쓰기 좋아요. 사용해보니 결이 정돈되는 느낌이에요. 계속 쓰게 돼요. 건성/지성에 따라 느낌 다를 듯. 여행 때 들고 가기 좋을 듯.,2025-05-01 00:36:19
r-000316,비타민C 세럼,스킨케어,여성,25-29세,1,흡수가 느려서 답답해요. 한동안 써보니 유분감이 남아요. 별로였어요.,2025-07-06 16:11:08
r-000317,내추럴 아이팔레트,메이크업,여성,25-29세,1,색상이 화면이랑 달라요. 한동안 써보니 두껍게 올라와요. 별로였어요.,2025-04-05 08:38:52
r-000318,우디 머스크 퍼퓸,향수,여성,30대,5,출근 전에 주로 쓰고 계절감이 잘 맞아요. 막상 써보니 과하지 않아서 데일리로 좋아요. 계속 쓰게 돼요. 데일리로 무난해요.,2025-10-29 23:24:17
r-000319,콜라겐 앰플,스킨케어,남성,40대,5,운동 후에 사용해봤는데 흡수가 부드럽게 돼요. 그리고 메이크업 전에 쓰기 좋아요. 계속 쓰게 돼요.,2025-07-30 23:51:32
r-000320,비타민C 세럼,스킨케어,여성,25-29세,4,외출 전에 쓰니 메이크업 전에 쓰기 좋아요. 막상 써보니 흡수가 부드럽게 돼요. 또 살 것 같아요. 취향 차이는 있을 수 있어요.,2025-10-14 02:34:22
r-000321,쿠션 파운데이션,메이크업,여성,20-24세,1,색상이 화면이랑 달라요. 그리고 건조해서 각질이 부각돼요. 재구매는 어려울 듯.,2025-05-03 05:30:07
r-000322,헤어 오일,헤어케어,여성,40대,5,출근 전에 주로 쓰고 거품이 풍성하고 헹굼이 깔끔해요. 전반적으로 모발이 차분해요. 가격 생각하면 괜찮아요. 개인차는 있을 듯.,2025-04-08 05:11:06
r-000323,픽서 메이크업 베이스,메이크업,미지정,20-24세,1,시간 지나면 무너져요. 사용해보니 건조해서 각질이 부각돼요. 건성/지성에 따라 느낌 다를 듯. 비추천합니다.,2025-06-01 08:39:22
r-000324,쿨링 샴푸,헤어케어,여성,40대,3,두피가 편안해졌어요. 사용해보니 거품이 잘 안 나요. 호불호 갈릴 듯.,2025-06-16 20:17:47
r-000325,롱웨어 파운데이션,메이크업,여성,20-24세,2,건조해서 각질이 부각돼요. 한동안 써보니 시간 지나면 무너져요. 건성/지성에 따라 느낌 다를 듯. 저랑은 안 맞아요.,2025-08-03 00:18:56
r-000326,내추럴 아이팔레트,메이크업,남성,25-29세,4,아침·저녁으로 써봤고 지속력이 좋아요. 한동안 써보니 톤 보정이 깔끔해요. 만족스러워요. 환경에 따라 다를 수 있어요.,2025-09-07 20:54:13
r-000327,볼륨 미스트,헤어케어,여성,20-24세,5,외출 전에 쓰니 드라이가 잘 돼요. 전체적으로 모발이 차분해요. 잘 쓰고 있어요. 취향 차이는 있을 수 있어요.,2025-08-18 10:34:34
r-000328,세라마이드 로션,스킨케어,여성,20-24세,5,샤워 후에 바로 바르고 메이크업 전에 쓰기 좋아요. 사용해보니 보습이 오래가요. 추천해요. 환경에 따라 다를 수 있어요.,2025-10-19 03:39:17
r-000329,단백질 헤어팩,헤어케어,여성,30대,3,모발이 차분해요. 사용해보니 유분감이 쉽게 올라와요. 기대만큼은 아니지만 쓸만해요.,2025-07-09 03:47:05
r-000330,데일리 샴푸,헤어케어,남성,50대 이상,3,모발이 차분해요. 게다가 두피가 간질거렸어요. 호불호 갈릴 듯.,2025-07-17 03:17:25
r-000331,크리미 컨실러,메이크업,여성,20-24세,1,색상이 화면이랑 달라요. 확실히 두껍게 올라와요. 기대 이하였다.,2025-08-12 12:07:22
r-000332,내추럴 아이팔레트,메이크업,여성,30대,3,톤 보정이 깔끔해요. 막상 써보니 시간 지나면 무너져요. 호불호 갈릴 듯. (2주 사용),2025-10-14 05:58:14
r-000333,롱웨어 파운데이션,메이크업,여성,20-24세,5,아침·저녁으로 써봤고 밀착이 잘 돼요. 게다가 가볍게 발려요. 만족스러워요.,2025-07-19 02:35:10
r-000334,두피 스케일러,헤어케어,여성,20-24세,1,두피가 간질거렸어요. 한동안 써보니 거품이 잘 안 나요. 환경에 따라 다를 수 있어요. 재구매는 어려울 듯.,2025-07-16 01:20:40
r-000335,두피 스케일러,헤어케어,여성,20-24세,5,외출 전에 쓰니 두피가 편안해졌어요. 한동안 써보니 모발이 차분해요. 잘 쓰고 있어요.,2025-04-09 18:46:25
r-000336,세라마이드 로션,스킨케어,여성,25-29세,5,아침·저녁으로 써봤고 흡수가 부드럽게 돼요. 전반적으로 보습이 오래가요. 계속 쓰게 돼요. 취향 차이는 있을 수 있어요. 메이크업 전에 괜찮았어요.,2025-09-21 00:00:57
r-000337,크리미 컨실러,메이크업,여성,30대,5,운동 후에 사용해봤는데 가볍게 발려요. 전체적으로 밀착이 잘 돼요. 또 살 것 같아요. 제 피부 기준입니다. 여행 때 들고 가기 좋을 듯.,2025-05-07 23:12:34
r-000338,쿠션 파운데이션,메이크업,남성,20-24세,5,아침·저녁으로 써봤고 발색이 자연스러워요. 막상 써보니 톤 보정이 깔끔해요. 잘 쓰고 있어요. 건성/지성에 따라 느낌 다를 듯.,2025-06-06 18:06:35
r-000339,아쿠아 수분크림,스킨케어,여성,25-29세,3,보습이 오래가요. 전반적으로 유분감이 남아요. 무난한 편이에요.,2025-06-24 11:17:45
r-000340,크리미 컨실러,메이크업,여성,40대,2,건조해서 각질이 부각돼요. 한동안 써보니 얼룩처럼 묻어나요. 아쉬웠어요.,2025-10-23 07:18:36
r-000341,세라마이드 로션,스킨케어,여성,25-29세,3,보습이 오래가요. 한동안 써보니 트러블이 조금 올라왔어요. 기대만큼은 아니지만 쓸만해요.,2025-09-17 10:47:54
r-000342,아쿠아 수분크림,스킨케어,남성,20-24세,1,트러블이 조금 올라왔어요. 전반적으로 향이 생각보다 강해요. 제 피부 기준입니다. 저랑은 안 맞아요.,2025-04-13 05:12:00
r-000343,리페어 에센스,스킨케어,여성,40대,3,보습이 오래가요. 전체적으로 트러블이 조금 올라왔어요. 샤워 후에 바로 바르고. 메이크업 전에 괜찮았어요. 상황 봐서 쓸 것 같아요.,2025-05-19 08:36:00
r-000344,콜라겐 앰플,스킨케어,남성,40대,4,외출 전에 쓰니 결이 정돈되는 느낌이에요. 확실히 자극이 거의 없어요. 가격 생각하면 괜찮아요.,2025-09-05 13:26:37
r-000345,단백질 헤어팩,헤어케어,남성,25-29세,3,두피가 편안해졌어요. 사용해보니 향이 강해서 부담돼요. 상황 봐서 쓸 것 같아요.,2025-10-26 14:38:15
r-000346,세라마이드 로션,스킨케어,여성,20-24세,4,아침·저녁으로 써봤고 흡수가 부드럽게 돼요. 확실히 자극이 거의 없어요. 잘 쓰고 있어요. 메이크업 전에 괜찮았어요.,2025-08-12 20:59:28
r-000347,헤어 오일,헤어케어,여성,20-24세,4,샤워 후에 바로 바르고 모발이 차분해요. 전반적으로 향이 은은해서 좋아요. 가격 생각하면 괜찮아요.,2025-10-17 16:35:25
r-000348,크리미 컨실러,메이크업,여성,40대,2,시간 지나면 무너져요. 전체적으로 건조해서 각질이 부각돼요. 취향 차이는 있을 수 있어요. 기대 이하였다.,2025-09-21 02:47:50
r-000349,틴트 마스카라,메이크업,여성,20-24세,4,출근 전에 주로 쓰고 지속력이 좋아요. 게다가 톤 보정이 깔끔해요. 가격 생각하면 괜찮아요.,2025-08-24 15:13:19
r-000350,아쿠아 수분크림,스킨케어,여성,40대,5,출근 전에 주로 쓰고 흡수가 부드럽게 돼요. 사용해보니 자극이 거의 없어요. 또 살 것 같아요.,2025-08-13 05:07:10
r-000351,화이트 티 코롱,향수,남성,10대,2,달달함이 과해요. 전반적으로 퍼퓸치곤 연해요. 저랑은 안 맞아요.,2025-08-03 14:11:16
r-000352,세라마이드 로션,스킨케어,남성,20-24세,3,자극이 거의 없어요. 게다가 유분감이 남아요. 무난한 편이에요.,2025-08-18 20:56:29
r-000353,볼륨 미스트,헤어케어,남성,10대,5,외출 전에 쓰니 모발이 차분해요. 막상 써보니 거품이 풍성하고 헹굼이 깔끔해요. 추천해요.,2025-07-22 04:44:22
r-000354,코튼 바디워시,바디케어,여성,30대,2,끈적거려서 불편해요. 게다가 용량이 아쉬워요. 기대 이하였다.,2025-09-15 02:37:25
r-000355,롱웨어 파운데이션,메이크업,미지정,25-29세,5,외출 전에 쓰니 톤 보정이 깔끔해요. 막상 써보니 가볍게 발려요. 추천해요. 제 피부 기준입니다.,2025-05-27 16:14:05
r-000356,아쿠아 수분크림,스킨케어,남성,20-24세,5,운동 후에 사용해봤는데 자극이 거의 없어요. 전반적으로 메이크업 전에 쓰기 좋아요. 만족스러워요.,2025-04-19 11:35:38
r-000357,가든 로즈 퍼퓸,향수,여성,20-24세,4,출근 전에 주로 쓰고 첫 향이 상큼해요. 그리고 계절감이 잘 맞아요. 만족스러워요. 메이크업 전에 괜찮았어요.,2025-09-11 09:36:19
r-000358,가든 로즈 퍼퓸,향수,여성,30대,2,호불호가 갈릴 듯해요. 전반적으로 지속력이 짧아요. 환경에 따라 다를 수 있어요. 저랑은 안 맞아요.,2025-05-19 19:49:30
r-000359,틴트 마스카라,메이크업,남성,40대,5,운동 후에 사용해봤는데 가볍게 발려요. 막상 써보니 톤 보정이 깔끔해요. 만족스러워요. 건성/지성에 따라 느낌 다를 듯. 선물용으로도 괜찮아 보여요.,2025-07-23 07:53:47
r-000360,프로바이오틱스 크림,스킨케어,여성,40대,3,자극이 거의 없어요. 전체적으로 트러블이 조금 올라왔어요. 출근 전에 주로 쓰고. 상황 봐서 쓸 것 같아요.,2025-04-12 12:55:47
r-000361,바디 스크럽,바디케어,남성,25-29세,5,외출 전에 쓰니 끈적임이 없어서 여름에도 좋아요. 확실히 향이 포근하게 남아요. 가격 생각하면 괜찮아요.,2025-09-14 13:45:05
r-000362,우디 머스크 퍼퓸,향수,여성,40대,4,외출 전에 쓰니 계절감이 잘 맞아요. 한동안 써보니 첫 향이 상큼해요. 추천해요.,2025-05-23 07:06:26
r-000363,시어버터 크림,바디케어,남성,25-29세,3,향이 포근하게 남아요. 그리고 끈적거려서 불편해요. 딱 중간 정도 느낌.,2025-07-21 12:47:46
r-000364,콜라겐 앰플,스킨케어,남성,20-24세,4,외출 전에 쓰니 자극이 거의 없어요. 전체적으로 흡수가 부드럽게 돼요. 가격 생각하면 괜찮아요. 개인차는 있을 듯. 여행 때 들고 가기 좋을 듯.,2025-07-12 15:53:06
r-000365,세라마이드 로션,스킨케어,여성,40대,5,샤워 후에 바로 바르고 결이 정돈되는 느낌이에요. 그리고 흡수가 부드럽게 돼요. 또 살 것 같아요.,2025-04-18 04:49:04
r-000366,콜라겐 앰플,스킨케어,남성,20-24세,4,외출 전에 쓰니 메이크업 전에 쓰기 좋아요. 전체적으로 자극이 거의 없어요. 잘 쓰고 있어요.,2025-07-07 18:41:38
r-000367,히알루론 나이트크림,스킨케어,남성,30대,5,샤워 후에 바로 바르고 메이크업 전에 쓰기 좋아요. 그리고 보습이 오래가요. 잘 쓰고 있어요. 데일리로 무난해요.,2025-06-02 00:23:31
r-000368,리페어 세럼,헤어케어,남성,20-24세,1,향이 강해서 부담돼요. 전체적으로 유분감이 쉽게 올라와요. 별로였어요.,2025-07-28 18:58:45
r-000369,핸드크림 클래식,바디케어,여성,20-24세,4,외출 전에 쓰니 끈적임이 없어서 여름에도 좋아요. 막상 써보니 향이 포근하게 남아요. 또 살 것 같아요.,2025-08-04 04:31:06
r-000370,시어버터 크림,바디케어,여성,40대,3,끈적임이 없어서 여름에도 좋아요. 게다가 펌프가 뻑뻑해요. 운동 후에 사용해봤는데. 데일리로 무난해요. 기대만큼은 아니지만 쓸만해요.,2025-06-21 05:03:07
r-000371,리페어 세럼,헤어케어,여성,20-24세,4,출근 전에 주로 쓰고 드라이가 잘 돼요. 확실히 모발이 차분해요. 가격 생각하면 괜찮아요.,2025-10-21 00:04:36
r-000372,볼륨 미스트,헤어케어,남성,20-24세,4,외출 전에 쓰니 모발이 차분해요. 게다가 두피가 편안해졌어요. 가격 생각하면 괜찮아요. 메이크업 전에 괜찮았어요.,2025-08-13 06:58:40
r-000373,리페어 세럼,헤어케어,남성,50대 이상,4,외출 전에 쓰니 향이 은은해서 좋아요. 그리고 두피가 편안해졌어요. 추천해요. 취향 차이는 있을 수 있어요. 주말 외출용으로 딱.,2025-10-04 08:03:33
r-000374,코튼 바디워시,바디케어,여성,25-29세,5,아침·저녁으로 써봤고 향이 포근하게 남아요. 막상 써보니 펌프가 편해요. 가격 생각하면 괜찮아요.,2025-06-04 13:27:24
r-000375,바디 스크럽,바디케어,여성,20-24세,5,아침·저녁으로 써봤고 끈적임이 없어서 여름에도 좋아요. 그리고 흡수가 빠른 편이에요. 만족스러워요.,2025-04-06 22:50:50
r-000376,볼륨 미스트,헤어케어,여성,10대,3,거품이 풍성하고 헹굼이 깔끔해요. 전반적으로 향이 강해서 부담돼요. 기대만큼은 아니지만 쓸만해요.,2025-09-19 07:36:25
r-000377,히알루론 나이트크림,스킨케어,남성,20-24세,3,보습이 오래가요. 그리고 향이 생각보다 강해요. 샤워 후에 바로 바르고. 무난한 편이에요.,2025-05-19 02:56:19
r-000378,픽서 메이크업 베이스,메이크업,남성,10대,3,가볍게 발려요. 사용해보니 얼룩처럼 묻어나요. 호불호 갈릴 듯.,2025-09-03 15:28:44
r-000379,내추럴 아이팔레트,메이크업,남성,20-24세,3,톤 보정이 깔끔해요. 막상 써보니 얼룩처럼 묻어나요. 출근 전에 주로 쓰고. 상황 봐서 쓸 것 같아요.,2025-07-08 08:06:34
r-000380,리페어 세럼,헤어케어,남성,30대,4,출근 전에 주로 쓰고 드라이가 잘 돼요. 한동안 써보니 향이 은은해서 좋아요. 잘 쓰고 있어요. 개인차는 있을 듯.,2025-08-05 17:30:02
r-000381,쿠션 파운데이션,메이크업,여성,10대,4,아침·저녁으로 써봤고 발색이 자연스러워요. 전반적으로 가볍게 발려요. 추천해요. 선물용으로도 괜찮아 보여요.,2025-07-20 20:43:29
r-000382,쿠션 파운데이션,메이크업,남성,10대,2,얼룩처럼 묻어나요. 확실히 두껍게 올라와요. 재구매는 어려울 듯.,2025-08-04 23:53:37
r-000383,두피 스케일러,헤어케어,남성,30대,4,아침·저녁으로 써봤고 모발이 차분해요. 그리고 거품이 풍성하고 헹굼이 깔끔해요. 계속 쓰게 돼요. 제 피부 기준입니다.,2025-07-04 19:16:33
r-000384,데일리 샴푸,헤어케어,남성,25-29세,4,출근 전에 주로 쓰고 거품이 풍성하고 헹굼이 깔끔해요. 확실히 향이 은은해서 좋아요. 잘 쓰고 있어요.,2025-09-14 03:52:58
r-000385,헤어 오일,헤어케어,여성,25-29세,5,외출 전에 쓰니 두피가 편안해졌어요. 막상 써보니 드라이가 잘 돼요. 추천해요. 개인차는 있을 듯.,2025-06-01 01:18:24
r-000386,틴트 마스카라,메이크업,여성,20-24세,4,출근 전에 주로 쓰고 밀착이 잘 돼요. 막상 써보니 발색이 자연스러워요. 잘 쓰고 있어요.,2025-04-14 02:31:51
r-000387,아쿠아 마린 EDT,향수,여성,30대,4,출근 전에 주로 쓰고 과하지 않아서 데일리로 좋아요. 사용해보니 무난하게 쓰기 좋아요. 잘 쓰고 있어요. 선물용으로도 괜찮아 보여요.,2025-10-25 06:12:33
r-000388,히알루론 나이트크림,스킨케어,남성,30대,1,따갑게 느껴졌어요. 전체적으로 유분감이 남아요. 재구매는 어려울 듯.,2025-06-24 05:24:31
r-000389,아쿠아 마린 EDT,향수,남성,50대 이상,5,운동 후에 사용해봤는데 무난하게 쓰기 좋아요. 게다가 계절감이 잘 맞아요. 만족스러워요. 건성/지성에 따라 느낌 다를 듯.,2025-05-11 14:46:43
r-000390,내추럴 아이팔레트,메이크업,여성,50대 이상,5,샤워 후에 바로 바르고 밀착이 잘 돼요. 사용해보니 지속력이 좋아요. 만족스러워요. 취향 차이는 있을 수 있어요.,2025-08-01 20:29:00
r-000391,핸드크림 클래식,바디케어,여성,25-29세,2,끈적거려서 불편해요. 전체적으로 보습이 금방 날아가요. 기대 이하였다.,2025-10-12 01:46:18
r-000392,벨벳 립스틱,메이크업,남성,40대,5,운동 후에 사용해봤는데 톤 보정이 깔끔해요. 한동안 써보니 지속력이 좋아요. 또 살 것 같아요.,2025-04-16 19:50:41
r-000393,플로럴 미스트,향수,미지정,20-24세,1,지속력이 짧아요. 확실히 머리가 아픈 류의 향이에요. 건성/지성에 따라 느낌 다를 듯. 아쉬웠어요.,2025-05-26 17:32:22
r-000394,픽서 메이크업 베이스,메이크업,여성,10대,4,샤워 후에 바로 바르고 밀착이 잘 돼요. 게다가 가볍게 발려요. 가격 생각하면 괜찮아요. 여행 때 들고 가기 좋을 듯.,2025-05-23 16:00:42
r-000395,콜라겐 앰플,스킨케어,여성,20-24세,4,운동 후에 사용해봤는데 자극이 거의 없어요. 한동안 써보니 메이크업 전에 쓰기 좋아요. 또 살 것 같아요. 취향 차이는 있을 수 있어요.,2025-10-07 10:14:38
r-000396,풋크림 컴포트,바디케어,남성,20-24세,5,운동 후에 사용해봤는데 펌프가 편해요. 확실히 끈적임이 없어서 여름에도 좋아요. 계속 쓰게 돼요. 건성/지성에 따라 느낌 다를 듯. 여행 때 들고 가기 좋을 듯.,2025-05-31 10:42:05
r-000397,바디 스크럽,바디케어,남성,40대,4,출근 전에 주로 쓰고 흡수가 빠른 편이에요. 그리고 보습이 오래가요. 잘 쓰고 있어요.,2025-07-22 04:39:16
r-000398,히알루론 나이트크림,스킨케어,여성,20-24세,5,출근 전에 주로 쓰고 자극이 거의 없어요. 그리고 흡수가 부드럽게 돼요. 계속 쓰게 돼요.,2025-06-18 13:26:10
r-000399,비타민C 세럼,스킨케어,남성,40대,1,흡수가 느려서 답답해요. 게다가 향이 생각보다 강해요. 아쉬웠어요.,2025-10-13 21:42:59
r-000400,볼륨 미스트,헤어케어,여성,20-24세,5,운동 후에 사용해봤는데 드라이가 잘 돼요. 전반적으로 향이 은은해서 좋아요. 추천해요.,2025-10-23 07:44:13
r-000401,세라마이드 로션,스킨케어,남성,40대,4,아침·저녁으로 써봤고 보습이 오래가요. 막상 써보니 메이크업 전에 쓰기 좋아요. 만족스러워요. 취향 차이는 있을 수 있어요.,2025-08-04 20:17:59
r-000402,롱웨어 파운데이션,메이크업,여성,20-24세,4,아침·저녁으로 써봤고 발색이 자연스러워요. 막상 써보니 밀착이 잘 돼요. 또 살 것 같아요.,2025-07-16 03:58:53
r-000403,비타민C 세럼,스킨케어,여성,30대,3,보습이 오래가요. 게다가 향이 생각보다 강해요. 아침·저녁으로 써봤고. 상황 봐서 쓸 것 같아요.,2025-08-29 04:35:59
r-000404,벨벳 립스틱,메이크업,남성,30대,4,아침·저녁으로 써봤고 톤 보정이 깔끔해요. 그리고 지속력이 좋아요. 또 살 것 같아요.,2025-04-22 13:30:43
r-000405,화이트 티 코롱,향수,남성,10대,5,출근 전에 주로 쓰고 잔향이 은은하게 오래 남아요. 그리고 과하지 않아서 데일리로 좋아요. 잘 쓰고 있어요.,2025-07-09 15:38:47
r-000406,아쿠아 수분크림,스킨케어,남성,30대,4,출근 전에 주로 쓰고 결이 정돈되는 느낌이에요. 한동안 써보니 흡수가 부드럽게 돼요. 잘 쓰고 있어요.,2025-04-16 15:47:49
r-000407,크리미 컨실러,메이크업,남성,40대,4,샤워 후에 바로 바르고 가볍게 발려요. 그리고 지속력이 좋아요. 또 살 것 같아요. 건성/지성에 따라 느낌 다를 듯.,2025-09-30 13:34:45
r-000408,단백질 헤어팩,헤어케어,여성,25-29세,3,향이 은은해서 좋아요. 한동안 써보니 모발이 뻣뻣해졌어요. 무난한 편이에요.,2025-07-06 11:03:21
r-000409,쿠션 파운데이션,메이크업,여성,40대,4,샤워 후에 바로 바르고 톤 보정이 깔끔해요. 게다가 지속력이 좋아요. 잘 쓰고 있어요.,2025-04-26 06:44:26
r-000410,벨벳 립스틱,메이크업,여성,30대,4,운동 후에 사용해봤는데 톤 보정이 깔끔해요. 확실히 발색이 자연스러워요. 추천해요. 환경에 따라 다를 수 있어요. 메이크업 전에 괜찮았어요.,2025-05-20 21:49:01
r-000411,쿨링 샴푸,헤어케어,여성,30대,4,출근 전에 주로 쓰고 향이 은은해서 좋아요. 전체적으로 거품이 풍성하고 헹굼이 깔끔해요. 가격 생각하면 괜찮아요. 건성/지성에 따라 느낌 다를 듯.,2025-04-17 19:39:52
r-000412,오리엔탈 오 드 퍼퓸,향수,여성,30대,5,샤워 후에 바로 바르고 무난하게 쓰기 좋아요. 확실히 과하지 않아서 데일리로 좋아요. 잘 쓰고 있어요. 제 피부 기준입니다. 데일리로 무난해요.,2025-06-01 07:34:37
r-000413,우디 머스크 퍼퓸,향수,남성,40대,2,호불호가 갈릴 듯해요. 확실히 퍼퓸치곤 연해요. 별로였어요.,2025-08-19 16:32:56
r-000414,화이트 티 코롱,향수,남성,10대,2,달달함이 과해요. 확실히 호불호가 갈릴 듯해요. 저랑은 안 맞아요.,2025-06-28 11:30:42
r-000415,크리미 컨실러,메이크업,남성,20-24세,3,가볍게 발려요. 전반적으로 건조해서 각질이 부각돼요. 딱 중간 정도 느낌.,2025-07-24 22:45:33
r-000416,프로바이오틱스 크림,스킨케어,여성,25-29세,3,메이크업 전에 쓰기 좋아요. 확실히 흡수가 느려서 답답해요. 여행 때 들고 가기 좋을 듯. 무난한 편이에요.,2025-07-06 05:59:35
r-000417,리페어 에센스,스킨케어,여성,50대 이상,4,샤워 후에 바로 바르고 흡수가 부드럽게 돼요. 사용해보니 보습이 오래가요. 계속 쓰게 돼요.,2025-06-08 05:02:48
r-000418,쿠션 파운데이션,메이크업,여성,20-24세,3,톤 보정이 깔끔해요. 막상 써보니 건조해서 각질이 부각돼요. 딱 중간 정도 느낌.,2025-10-24 00:20:19
r-000419,바디 스크럽,바디케어,남성,25-29세,4,아침·저녁으로 써봤고 향이 포근하게 남아요. 한동안 써보니 보습이 오래가요. 가격 생각하면 괜찮아요.,2025-09-08 09:24:23
r-000420,새틴 블러셔,메이크업,여성,50대 이상,5,운동 후에 사용해봤는데 지속력이 좋아요. 그리고 톤 보정이 깔끔해요. 가격 생각하면 괜찮아요. 취향 차이는 있을 수 있어요. 여행 때 들고 가기 좋을 듯.,2025-10-05 17:56:57
r-000421,비타민C 세럼,스킨케어,여성,25-29세,4,샤워 후에 바로 바르고 흡수가 부드럽게 돼요. 게다가 자극이 거의 없어요. 추천해요.,2025-08-28 03:33:05
r-000422,시어버터 크림,바디케어,여성,40대,5,샤워 후에 바로 바르고 보습이 오래가요. 막상 써보니 펌프가 편해요. 계속 쓰게 돼요.,2025-08-04 22:02:16
r-000423,단백질 헤어팩,헤어케어,여성,25-29세,4,샤워 후에 바로 바르고 드라이가 잘 돼요. 전체적으로 모발이 차분해요. 추천해요.,2025-10-09 12:33:05
r-000424,쿨링 샴푸,헤어케어,여성,25-29세,5,아침·저녁으로 써봤고 향이 은은해서 좋아요. 사용해보니 모발이 차분해요. 잘 쓰고 있어요. 제 피부 기준입니다.,2025-09-29 13:37:27
r-000425,데일리 샴푸,헤어케어,여성,25-29세,4,아침·저녁으로 써봤고 거품이 풍성하고 헹굼이 깔끔해요. 한동안 써보니 드라이가 잘 돼요. 또 살 것 같아요.,2025-09-23 01:13:57
r-000426,아쿠아 마린 EDT,향수,여성,25-29세,4,출근 전에 주로 쓰고 첫 향이 상큼해요. 확실히 무난하게 쓰기 좋아요. 가격 생각하면 괜찮아요.,2025-05-24 00:07:52
r-000427,소프트 바디로션,바디케어,남성,25-29세,5,샤워 후에 바로 바르고 끈적임이 없어서 여름에도 좋아요. 그리고 보습이 오래가요. 가격 생각하면 괜찮아요. 건성/지성에 따라 느낌 다를 듯.,2025-05-20 21:08:25
r-000428,벨벳 립스틱,메이크업,여성,30대,4,외출 전에 쓰니 가볍게 발려요. 그리고 지속력이 좋아요. 계속 쓰게 돼요. 환경에 따라 다를 수 있어요. 데일리로 무난해요.,2025-08-26 08:03:02
r-000429,픽서 메이크업 베이스,메이크업,여성,25-29세,4,아침·저녁으로 써봤고 발색이 자연스러워요. 사용해보니 톤 보정이 깔끔해요. 또 살 것 같아요. 제 피부 기준입니다. 메이크업 전에 괜찮았어요.,2025-07-29 20:34:59
r-000430,쿠션 파운데이션,메이크업,미지정,20-24세,4,외출 전에 쓰니 가볍게 발려요. 전체적으로 밀착이 잘 돼요. 만족스러워요.,2025-06-03 16:00:37
r-000431,리페어 에센스,스킨케어,미지정,30대,2,향이 생각보다 강해요. 확실히 유분감이 남아요. 비추천합니다.,2025-09-20 03:01:59
r-000432,소프트 바디로션,바디케어,남성,40대,3,향이 포근하게 남아요. 그리고 용량이 아쉬워요. 운동 후에 사용해봤는데. 호불호 갈릴 듯.,2025-05-24 08:56:16
r-000433,롱웨어 파운데이션,메이크업,여성,30대,4,출근 전에 주로 쓰고 밀착이 잘 돼요. 전반적으로 톤 보정이 깔끔해요. 가격 생각하면 괜찮아요. 취향 차이는 있을 수 있어요.,2025-06-24 19:07:37
r-000434,틴트 마스카라,메이크업,여성,20-24세,4,아침·저녁으로 써봤고 가볍게 발려요. 그리고 발색이 자연스러워요. 만족스러워요.,2025-04-08 15:24:56
r-000435,내추럴 아이팔레트,메이크업,여성,50대 이상,5,샤워 후에 바로 바르고 톤 보정이 깔끔해요. 전반적으로 밀착이 잘 돼요. 또 살 것 같아요. 제 피부 기준입니다.,2025-10-05 22:18:58
r-000436,시어버터 크림,바디케어,남성,25-29세,5,운동 후에 사용해봤는데 보습이 오래가요. 사용해보니 향이 포근하게 남아요. 잘 쓰고 있어요.,2025-05-18 04:51:14
r-000437,두피 스케일러,헤어케어,여성,25-29세,5,출근 전에 주로 쓰고 드라이가 잘 돼요. 막상 써보니 두피가 편안해졌어요. 계속 쓰게 돼요. 주말 외출용으로 딱.,2025-04-26 06:42:01
r-000438,리페어 에센스,스킨케어,여성,40대,5,운동 후에 사용해봤는데 보습이 오래가요. 전체적으로 결이 정돈되는 느낌이에요. 만족스러워요. 취향 차이는 있을 수 있어요. 데일리로 무난해요.,2025-05-31 10:56:11
r-000439,틴트 마스카라,메이크업,남성,30대,4,운동 후에 사용해봤는데 가볍게 발려요. 한동안 써보니 발색이 자연스러워요. 또 살 것 같아요. 메이크업 전에 괜찮았어요.,2025-06-17 19:18:57
r-000440,쿠션 파운데이션,메이크업,여성,10대,4,외출 전에 쓰니 발색이 자연스러워요. 확실히 톤 보정이 깔끔해요. 추천해요. 데일리로 무난해요.,2025-07-04 03:04:06
r-000441,핸드크림 클래식,바디케어,여성,10대,4,외출 전에 쓰니 끈적임이 없어서 여름에도 좋아요. 한동안 써보니 흡수가 빠른 편이에요. 만족스러워요.,2025-04-14 23:53:13
r-000442,히알루론 나이트크림,스킨케어,여성,40대,4,샤워 후에 바로 바르고 메이크업 전에 쓰기 좋아요. 전체적으로 자극이 거의 없어요. 추천해요. 취향 차이는 있을 수 있어요. 선물용으로도 괜찮아 보여요.,2025-05-31 06:18:20
r-000443,코튼 바디워시,바디케어,남성,30대,2,보습이 금방 날아가요. 그리고 펌프가 뻑뻑해요. 재구매는 어려울 듯.,2025-10-13 13:03:53
r-000444,시카 진정 토너,스킨케어,남성,30대,2,향이 생각보다 강해요. 전반적으로 흡수가 느려서 답답해요. 별로였어요.,2025-05-19 11:03:17
r-000445,소프트 바디로션,바디케어,미지정,30대,4,운동 후에 사용해봤는데 끈적임이 없어서 여름에도 좋아요. 확실히 흡수가 빠른 편이에요. 계속 쓰게 돼요. 환경에 따라 다를 수 있어요. 메이크업 전에 괜찮았어요.,2025-07-20 19:12:44
r-000446,헤어 오일,헤어케어,남성,25-29세,5,아침·저녁으로 써봤고 거품이 풍성하고 헹굼이 깔끔해요. 게다가 드라이가 잘 돼요. 또 살 것 같아요.,2025-07-16 12:59:21
r-000447,새틴 블러셔,메이크업,여성,20-24세,4,출근 전에 주로 쓰고 톤 보정이 깔끔해요. 전반적으로 발색이 자연스러워요. 만족스러워요. 데일리로 무난해요.,2025-07-27 12:24:56
r-000448,딥케어 트리트먼트,헤어케어,여성,40대,4,샤워 후에 바로 바르고 모발이 차분해요. 사용해보니 향이 은은해서 좋아요. 또 살 것 같아요. 여행 때 들고 가기 좋을 듯.,2025-04-04 17:30:57
r-000449,가든 로즈 퍼퓸,향수,미지정,25-29세,4,외출 전에 쓰니 과하지 않아서 데일리로 좋아요. 막상 써보니 첫 향이 상큼해요. 계속 쓰게 돼요. 취향 차이는 있을 수 있어요. 메이크업 전에 괜찮았어요.,2025-05-19 00:18:54
r-000450,히알루론 나이트크림,스킨케어,여성,20-24세,5,샤워 후에 바로 바르고 보습이 오래가요. 사용해보니 메이크업 전에 쓰기 좋아요. 또 살 것 같아요.,2025-09-16 10:28:28
r-000451,코튼 바디워시,바디케어,남성,25-29세,2,용량이 아쉬워요. 사용해보니 펌프가 뻑뻑해요. 아쉬웠어요.,2025-10-10 14:37:39
r-000452,두피 스케일러,헤어케어,여성,25-29세,3,거품이 풍성하고 헹굼이 깔끔해요. 한동안 써보니 모발이 뻣뻣해졌어요. 딱 중간 정도 느낌.,2025-09-02 14:04:49
r-000453,시어버터 크림,바디케어,여성,30대,4,아침·저녁으로 써봤고 펌프가 편해요. 막상 써보니 흡수가 빠른 편이에요. 가격 생각하면 괜찮아요. 환경에 따라 다를 수 있어요.,2025-09-08 08:09:14
r-000454,두피 스케일러,헤어케어,남성,25-29세,5,출근 전에 주로 쓰고 드라이가 잘 돼요. 막상 써보니 거품이 풍성하고 헹굼이 깔끔해요. 가격 생각하면 괜찮아요. 건성/지성에 따라 느낌 다를 듯. 데일리로 무난해요.,2025-06-24 00:27:35
r-000455,리페어 에센스,스킨케어,남성,25-29세,3,보습이 오래가요. 한동안 써보니 향이 생각보다 강해요. 주말 외출용으로 딱. 딱 중간 정도 느낌.,2025-07-21 16:37:16
r-000456,헤어 오일,헤어케어,여성,25-29세,4,운동 후에 사용해봤는데 향이 은은해서 좋아요. 확실히 거품이 풍성하고 헹굼이 깔끔해요. 잘 쓰고 있어요. 제 피부 기준입니다. 주말 외출용으로 딱.,2025-06-29 21:26:23
r-000457,시카 진정 토너,스킨케어,남성,20-24세,1,흡수가 느려서 답답해요. 그리고 따갑게 느껴졌어요. 저랑은 안 맞아요.,2025-09-14 00:07:08
r-000458,아쿠아 수분크림,스킨케어,남성,20-24세,5,출근 전에 주로 쓰고 메이크업 전에 쓰기 좋아요. 전체적으로 자극이 거의 없어요. 가격 생각하면 괜찮아요. 제 피부 기준입니다. 메이크업 전에 괜찮았어요.,2025-09-09 13:23:03
r-000459,샤워 오일,바디케어,남성,25-29세,1,펌프가 뻑뻑해요. 그리고 향이 취향이 아니에요. 비추천합니다.,2025-04-02 08:30:54
r-000460,틴트 마스카라,메이크업,여성,10대,5,샤워 후에 바로 바르고 지속력이 좋아요. 그리고 가볍게 발려요. 추천해요. 선물용으로도 괜찮아 보여요.,2025-08-04 08:22:15
r-000461,새틴 블러셔,메이크업,여성,20-24세,4,운동 후에 사용해봤는데 밀착이 잘 돼요. 전반적으로 지속력이 좋아요. 만족스러워요. 여행 때 들고 가기 좋을 듯.,2025-06-03 01:33:40
r-000462,새틴 블러셔,메이크업,남성,30대,4,아침·저녁으로 써봤고 가볍게 발려요. 사용해보니 톤 보정이 깔끔해요. 만족스러워요. 선물용으로도 괜찮아 보여요.,2025-09-20 01:33:49
r-000463,틴트 마스카라,메이크업,여성,30대,3,톤 보정이 깔끔해요. 전반적으로 건조해서 각질이 부각돼요. 호불호 갈릴 듯.,2025-10-06 09:45:03
r-000464,소프트 바디로션,바디케어,미지정,30대,3,흡수가 빠른 편이에요. 사용해보니 펌프가 뻑뻑해요. 아침·저녁으로 써봤고. 여행 때 들고 가기 좋을 듯. 호불호 갈릴 듯.,2025-05-30 10:47:55
r-000465,리페어 세럼,헤어케어,여성,20-24세,4,샤워 후에 바로 바르고 두피가 편안해졌어요. 막상 써보니 거품이 풍성하고 헹굼이 깔끔해요. 추천해요.,2025-09-22 14:38:52
r-000466,아쿠아 마린 EDT,향수,여성,25-29세,4,출근 전에 주로 쓰고 과하지 않아서 데일리로 좋아요. 확실히 계절감이 잘 맞아요. 또 살 것 같아요. 건성/지성에 따라 느낌 다를 듯.,2025-08-22 10:13:08
r-000467,쿠션 파운데이션,메이크업,여성,30대,4,운동 후에 사용해봤는데 지속력이 좋아요. 한동안 써보니 발색이 자연스러워요. 계속 쓰게 돼요.,2025-07-31 08:25:07
r-000468,비타민C 세럼,스킨케어,여성,20-24세,3,흡수가 부드럽게 돼요. 사용해보니 향이 생각보다 강해요. 딱 중간 정도 느낌.,2025-08-04 22:57:45
r-000469,시카 진정 토너,스킨케어,여성,25-29세,2,트러블이 조금 올라왔어요. 게다가 향이 생각보다 강해요. 기대 이하였다.,2025-09-16 12:22:26
r-000470,바디 스크럽,바디케어,여성,20-24세,4,외출 전에 쓰니 끈적임이 없어서 여름에도 좋아요. 그리고 펌프가 편해요. 계속 쓰게 돼요. 주말 외출용으로 딱.,2025-07-20 07:50:41
r-000471,픽서 메이크업 베이스,메이크업,여성,20-24세,5,운동 후에 사용해봤는데 지속력이 좋아요. 게다가 발색이 자연스러워요. 또 살 것 같아요. 개인차는 있을 듯.,2025-05-15 08:28:55
r-000472,세라마이드 로션,스킨케어,미지정,10대,5,출근 전에 주로 쓰고 자극이 거의 없어요. 전체적으로 흡수가 부드럽게 돼요. 가격 생각하면 괜찮아요.,2025-09-16 22:26:04
r-000473,아쿠아 수분크림,스킨케어,남성,50대 이상,3,보습이 오래가요. 게다가 유분감이 남아요. 샤워 후에 바로 바르고. 주말 외출용으로 딱. 무난한 편이에요.,2025-08-02 10:15:06
r-000474,비타민C 세럼,스킨케어,여성,30대,5,샤워 후에 바로 바르고 보습이 오래가요. 한동안 써보니 결이 정돈되는 느낌이에요. 추천해요.,2025-06-17 03:32:42
r-000475,바디오일 라이트,바디케어,여성,30대,5,샤워 후에 바로 바르고 끈적임이 없어서 여름에도 좋아요. 게다가 흡수가 빠른 편이에요. 또 살 것 같아요.,2025-09-30 21:08:22
r-000476,세라마이드 로션,스킨케어,여성,10대,4,운동 후에 사용해봤는데 자극이 거의 없어요. 사용해보니 결이 정돈되는 느낌이에요. 계속 쓰게 돼요. 메이크업 전에 괜찮았어요.,2025-06-26 20:50:47
r-000477,핸드크림 클래식,바디케어,남성,25-29세,5,샤워 후에 바로 바르고 향이 포근하게 남아요. 사용해보니 흡수가 빠른 편이에요. 잘 쓰고 있어요. 제 피부 기준입니다.,2025-09-02 20:56:00
r-000478,볼륨 미스트,헤어케어,여성,20-24세,3,두피가 편안해졌어요. 전반적으로 모발이 뻣뻣해졌어요. 출근 전에 주로 쓰고. 메이크업 전에 괜찮았어요. 딱 중간 정도 느낌.,2025-07-10 04:08:29
r-000479,히알루론 나이트크림,스킨케어,여성,20-24세,3,흡수가 부드럽게 돼요. 그리고 유분감이 남아요. 무난한 편이에요.,2025-09-15 04:00:48
r-000480,쿨링 샴푸,헤어케어,여성,10대,5,아침·저녁으로 써봤고 드라이가 잘 돼요. 전반적으로 두피가 편안해졌어요. 잘 쓰고 있어요. 여행 때 들고 가기 좋을 듯.,2025-04-14 02:22:58
r-000481,롱웨어 파운데이션,메이크업,여성,30대,5,출근 전에 주로 쓰고 톤 보정이 깔끔해요. 확실히 지속력이 좋아요. 계속 쓰게 돼요. 제 피부 기준입니다.,2025-08-14 07:52:52
r-000482,화이트 티 코롱,향수,남성,40대,4,출근 전에 주로 쓰고 계절감이 잘 맞아요. 전반적으로 무난하게 쓰기 좋아요. 잘 쓰고 있어요.,2025-06-05 03:59:26
r-000483,가든 로즈 퍼퓸,향수,여성,40대,5,운동 후에 사용해봤는데 과하지 않아서 데일리로 좋아요. 게다가 첫 향이 상큼해요. 만족스러워요.,2025-04-09 09:43:48
r-000484,틴트 마스카라,메이크업,미지정,20-24세,3,가볍게 발려요. 사용해보니 건조해서 각질이 부각돼요. 상황 봐서 쓸 것 같아요.,2025-10-29 19:42:19
r-000485,헤어 오일,헤어케어,여성,10대,4,아침·저녁으로 써봤고 드라이가 잘 돼요. 막상 써보니 향이 은은해서 좋아요. 계속 쓰게 돼요.,2025-10-21 15:31:06
r-000486,프로바이오틱스 크림,스킨케어,남성,25-29세,3,보습이 오래가요. 사용해보니 따갑게 느껴졌어요. 기대만큼은 아니지만 쓸만해요.,2025-09-16 09:48:59
r-000487,플로럴 미스트,향수,남성,25-29세,5,아침·저녁으로 써봤고 첫 향이 상큼해요. 전반적으로 무난하게 쓰기 좋아요. 만족스러워요.,2025-08-18 16:07:27
r-000488,프레시 코롱,향수,남성,50대 이상,4,샤워 후에 바로 바르고 계절감이 잘 맞아요. 전반적으로 무난하게 쓰기 좋아요. 추천해요. 메이크업 전에 괜찮았어요.,2025-05-23 10:33:59
r-000489,픽서 메이크업 베이스,메이크업,여성,30대,5,외출 전에 쓰니 발색이 자연스러워요. 확실히 톤 보정이 깔끔해요. 만족스러워요. 취향 차이는 있을 수 있어요.,2025-05-10 22:16:17
r-000490,내추럴 아이팔레트,메이크업,여성,25-29세,4,샤워 후에 바로 바르고 밀착이 잘 돼요. 한동안 써보니 톤 보정이 깔끔해요. 또 살 것 같아요. 선물용으로도 괜찮아 보여요.,2025-08-06 07:28:04
r-000491,크리미 컨실러,메이크업,남성,40대,4,외출 전에 쓰니 톤 보정이 깔끔해요. 게다가 발색이 자연스러워요. 추천해요.,2025-06-25 03:36:06
r-000492,오리엔탈 오 드 퍼퓸,향수,남성,25-29세,4,아침·저녁으로 써봤고 과하지 않아서 데일리로 좋아요. 전체적으로 첫 향이 상큼해요. 만족스러워요.,2025-07-23 06:17:09
r-000493,벨벳 립스틱,메이크업,여성,25-29세,5,출근 전에 주로 쓰고 지속력이 좋아요. 확실히 가볍게 발려요. 추천해요. 선물용으로도 괜찮아 보여요.,2025-05-13 22:25:22
r-000494,벨벳 립스틱,메이크업,여성,50대 이상,5,샤워 후에 바로 바르고 밀착이 잘 돼요. 전반적으로 지속력이 좋아요. 계속 쓰게 돼요. 주말 외출용으로 딱.,2025-08-08 06:46:31
r-000495,비타민C 세럼,스킨케어,남성,40대,4,샤워 후에 바로 바르고 자극이 거의 없어요. 사용해보니 메이크업 전에 쓰기 좋아요. 가격 생각하면 괜찮아요. 선물용으로도 괜찮아 보여요.,2025-08-17 05:42:06
r-000496,세라마이드 로션,스킨케어,남성,30대,5,출근 전에 주로 쓰고 결이 정돈되는 느낌이에요. 한동안 써보니 자극이 거의 없어요. 가격 생각하면 괜찮아요. (첫 사용),2025-04-03 01:33:09
r-000497,히알루론 나이트크림,스킨케어,여성,25-29세,3,결이 정돈되는 느낌이에요. 게다가 트러블이 조금 올라왔어요. 무난한 편이에요.,2025-07-08 02:09:37
r-000498,리페어 에센스,스킨케어,남성,30대,4,운동 후에 사용해봤는데 결이 정돈되는 느낌이에요. 한동안 써보니 자극이 거의 없어요. 가격 생각하면 괜찮아요. 건성/지성에 따라 느낌 다를 듯. 메이크업 전에 괜찮았어요.,2025-08-26 11:32:38
r-000499,내추럴 아이팔레트,메이크업,남성,10대,4,외출 전에 쓰니 밀착이 잘 돼요. 한동안 써보니 지속력이 좋아요. 가격 생각하면 괜찮아요. 건성/지성에 따라 느낌 다를 듯.,2025-10-16 15:47:08
r-000500,오리엔탈 오 드 퍼퓸,향수,미지정,25-29세,3,잔향이 은은하게 오래 남아요. 한동안 써보니 퍼퓸치곤 연해요. 샤워 후에 바로 바르고. 기대만큼은 아니지만 쓸만해요.,2025-08-19 10:38:49
r-000501,아쿠아 수분크림,스킨케어,여성,20-24세,3,보습이 오래가요. 전체적으로 트러블이 조금 올라왔어요. 샤워 후에 바로 바르고. 데일리로 무난해요. 상황 봐서 쓸 것 같아요.,2025-07-07 17:31:42
r-000502,벨벳 립스틱,메이크업,여성,50대 이상,5,샤워 후에 바로 바르고 지속력이 좋아요. 막상 써보니 가볍게 발려요. 추천해요. 데일리로 무난해요.,2025-06-14 23:28:30
r-000503,헤어 오일,헤어케어,여성,25-29세,4,샤워 후에 바로 바르고 향이 은은해서 좋아요. 전체적으로 두피가 편안해졌어요. 또 살 것 같아요. 여행 때 들고 가기 좋을 듯.,2025-06-12 04:09:47
r-000504,바디 스크럽,바디케어,남성,40대,3,향이 포근하게 남아요. 사용해보니 보습이 금방 날아가요. 운동 후에 사용해봤는데. 메이크업 전에 괜찮았어요. 상황 봐서 쓸 것 같아요.,2025-07-27 20:01:24
r-000505,우디 머스크 퍼퓸,향수,남성,25-29세,3,계절감이 잘 맞아요. 한동안 써보니 호불호가 갈릴 듯해요. 외출 전에 쓰니. 여행 때 들고 가기 좋을 듯. 딱 중간 정도 느낌.,2025-07-31 04:45:18
r-000506,히알루론 나이트크림,스킨케어,여성,10대,4,운동 후에 사용해봤는데 보습이 오래가요. 사용해보니 메이크업 전에 쓰기 좋아요. 또 살 것 같아요. 데일리로 무난해요.,2025-07-27 07:15:17
r-000507,샤워 오일,바디케어,여성,25-29세,3,펌프가 편해요. 확실히 용량이 아쉬워요. 운동 후에 사용해봤는데. 선물용으로도 괜찮아 보여요. 기대만큼은 아니지만 쓸만해요.,2025-09-30 03:14:44
r-000508,픽서 메이크업 베이스,메이크업,남성,30대,4,운동 후에 사용해봤는데 밀착이 잘 돼요. 전반적으로 가볍게 발려요. 만족스러워요.,2025-07-28 14:58:42
r-000509,벨벳 립스틱,메이크업,여성,20-24세,5,출근 전에 주로 쓰고 밀착이 잘 돼요. 전반적으로 가볍게 발려요. 가격 생각하면 괜찮아요. 제 피부 기준입니다. 메이크업 전에 괜찮았어요.,2025-06-01 23:12:48
r-000510,소프트 바디로션,바디케어,여성,20-24세,4,출근 전에 주로 쓰고 흡수가 빠른 편이에요. 확실히 보습이 오래가요. 추천해요. 제 피부 기준입니다. 메이크업 전에 괜찮았어요.,2025-08-18 10:54:46
r-000511,새틴 블러셔,메이크업,남성,25-29세,5,아침·저녁으로 써봤고 지속력이 좋아요. 한동안 써보니 가볍게 발려요. 잘 쓰고 있어요. 환경에 따라 다를 수 있어요. 주말 외출용으로 딱.,2025-07-04 18:12:39
r-000512,헤어 오일,헤어케어,여성,40대,5,출근 전에 주로 쓰고 드라이가 잘 돼요. 확실히 모발이 차분해요. 잘 쓰고 있어요.,2025-10-10 03:03:04
r-000513,크리미 컨실러,메이크업,여성,25-29세,5,운동 후에 사용해봤는데 가볍게 발려요. 확실히 톤 보정이 깔끔해요. 가격 생각하면 괜찮아요. 취향 차이는 있을 수 있어요. 데일리로 무난해요.,2025-06-13 08:34:24
r-000514,프로바이오틱스 크림,스킨케어,남성,30대,4,출근 전에 주로 쓰고 보습이 오래가요. 전반적으로 결이 정돈되는 느낌이에요. 잘 쓰고 있어요. 취향 차이는 있을 수 있어요. 데일리로 무난해요.,2025-04-02 22:51:56
r-000515,비타민C 세럼,스킨케어,여성,20-24세,2,향이 생각보다 강해요. 한동안 써보니 유분감이 남아요. 아쉬웠어요.,2025-10-04 17:41:31
r-000516,우디 머스크 퍼퓸,향수,남성,20-24세,2,머리가 아픈 류의 향이에요. 게다가 퍼퓸치곤 연해요. 취향 차이는 있을 수 있어요. 아쉬웠어요.,2025-04-15 19:12:59
r-000517,시어버터 크림,바디케어,여성,25-29세,3,흡수가 빠른 편이에요. 한동안 써보니 용량이 아쉬워요. 기대만큼은 아니지만 쓸만해요.,2025-09-28 19:14:13
r-000518,오리엔탈 오 드 퍼퓸,향수,남성,25-29세,5,운동 후에 사용해봤는데 과하지 않아서 데일리로 좋아요. 전반적으로 계절감이 잘 맞아요. 추천해요.,2025-07-10 04:41:12
r-000519,새틴 블러셔,메이크업,남성,40대,4,출근 전에 주로 쓰고 발색이 자연스러워요. 막상 써보니 가볍게 발려요. 계속 쓰게 돼요. 취향 차이는 있을 수 있어요.,2025-04-13 18:56:14
r-000520,단백질 헤어팩,헤어케어,여성,25-29세,4,운동 후에 사용해봤는데 모발이 차분해요. 사용해보니 드라이가 잘 돼요. 추천해요. 메이크업 전에 괜찮았어요.,2025-10-21 21:55:42
r-000521,벨벳 립스틱,메이크업,남성,20-24세,4,외출 전에 쓰니 발색이 자연스러워요. 한동안 써보니 밀착이 잘 돼요. 추천해요. 메이크업 전에 괜찮았어요.,2025-05-16 05:58:18
r-000522,볼륨 미스트,헤어케어,여성,10대,4,아침·저녁으로 써봤고 거품이 풍성하고 헹굼이 깔끔해요. 전체적으로 모발이 차분해요. 가격 생각하면 괜찮아요.,2025-07-11 00:09:54
r-000523,코튼 바디워시,바디케어,여성,10대,5,출근 전에 주로 쓰고 펌프가 편해요. 막상 써보니 향이 포근하게 남아요. 잘 쓰고 있어요. 메이크업 전에 괜찮았어요.,2025-07-05 18:18:27
r-000524,비타민C 세럼,스킨케어,남성,40대,5,샤워 후에 바로 바르고 결이 정돈되는 느낌이에요. 막상 써보니 메이크업 전에 쓰기 좋아요. 가격 생각하면 괜찮아요.,2025-10-06 06:43:09
r-000525,플로럴 미스트,향수,여성,10대,5,출근 전에 주로 쓰고 과하지 않아서 데일리로 좋아요. 게다가 첫 향이 상큼해요. 또 살 것 같아요. 선물용으로도 괜찮아 보여요.,2025-06-25 23:04:37
r-000526,히알루론 나이트크림,스킨케어,남성,25-29세,5,출근 전에 주로 쓰고 보습이 오래가요. 그리고 메이크업 전에 쓰기 좋아요. 가격 생각하면 괜찮아요.,2025-04-29 00:36:58
r-000527,쿨링 샴푸,헤어케어,여성,30대,4,아침·저녁으로 써봤고 모발이 차분해요. 막상 써보니 향이 은은해서 좋아요. 만족스러워요. 선물용으로도 괜찮아 보여요.,2025-09-02 15:49:00
r-000528,아쿠아 수분크림,스킨케어,남성,25-29세,4,운동 후에 사용해봤는데 결이 정돈되는 느낌이에요. 한동안 써보니 메이크업 전에 쓰기 좋아요. 잘 쓰고 있어요. 건성/지성에 따라 느낌 다를 듯.,2025-07-29 17:32:46
r-000529,볼륨 미스트,헤어케어,여성,20-24세,4,아침·저녁으로 써봤고 두피가 편안해졌어요. 전반적으로 거품이 풍성하고 헹굼이 깔끔해요. 또 살 것 같아요. 취향 차이는 있을 수 있어요.,2025-10-25 07:04:43
r-000530,세라마이드 로션,스킨케어,남성,10대,4,운동 후에 사용해봤는데 결이 정돈되는 느낌이에요. 게다가 흡수가 부드럽게 돼요. 잘 쓰고 있어요. 개인차는 있을 듯.,2025-09-22 13:20:09
r-000531,틴트 마스카라,메이크업,여성,10대,3,지속력이 좋아요. 한동안 써보니 건조해서 각질이 부각돼요. 외출 전에 쓰니. 여행 때 들고 가기 좋을 듯. 호불호 갈릴 듯.,2025-04-30 20:31:25
r-000532,프레시 코롱,향수,남성,40대,4,외출 전에 쓰니 과하지 않아서 데일리로 좋아요. 사용해보니 계절감이 잘 맞아요. 잘 쓰고 있어요. 제 피부 기준입니다.,2025-07-11 16:48:37
r-000533,프레시 코롱,향수,남성,30대,2,퍼퓸치곤 연해요. 전체적으로 머리가 아픈 류의 향이에요. 비추천합니다.,2025-10-20 00:47:28
r-000534,샤워 오일,바디케어,여성,50대 이상,3,향이 포근하게 남아요. 사용해보니 펌프가 뻑뻑해요. 딱 중간 정도 느낌.,2025-07-09 10:32:36
r-000535,히알루론 나이트크림,스킨케어,남성,20-24세,5,출근 전에 주로 쓰고 흡수가 부드럽게 돼요. 전반적으로 자극이 거의 없어요. 계속 쓰게 돼요. 제 피부 기준입니다. 데일리로 무난해요.,2025-10-08 15:24:26
r-000536,콜라겐 앰플,스킨케어,여성,25-29세,5,운동 후에 사용해봤는데 결이 정돈되는 느낌이에요. 전반적으로 보습이 오래가요. 추천해요. 취향 차이는 있을 수 있어요.,2025-06-21 17:58:18
r-000537,풋크림 컴포트,바디케어,여성,25-29세,4,출근 전에 주로 쓰고 흡수가 빠른 편이에요. 게다가 끈적임이 없어서 여름에도 좋아요. 또 살 것 같아요.,2025-04-08 19:39:53
r-000538,바디 스크럽,바디케어,여성,20-24세,1,용량이 아쉬워요. 전반적으로 보습이 금방 날아가요. 비추천합니다.,2025-04-14 23:19:43
r-000539,벨벳 립스틱,메이크업,남성,25-29세,2,색상이 화면이랑 달라요. 전반적으로 시간 지나면 무너져요. 제 피부 기준입니다. 비추천합니다.,2025-06-28 07:23:36
r-000540,롱웨어 파운데이션,메이크업,여성,50대 이상,3,발색이 자연스러워요. 막상 써보니 두껍게 올라와요. 기대만큼은 아니지만 쓸만해요.,2025-08-24 19:37:24
r-000541,가든 로즈 퍼퓸,향수,여성,20-24세,2,머리가 아픈 류의 향이에요. 확실히 달달함이 과해요. 환경에 따라 다를 수 있어요. 비추천합니다.,2025-05-29 22:24:55
r-000542,리페어 세럼,헤어케어,남성,25-29세,4,운동 후에 사용해봤는데 두피가 편안해졌어요. 막상 써보니 거품이 풍성하고 헹굼이 깔끔해요. 추천해요. 주말 외출용으로 딱.,2025-09-05 18:02:26
r-000543,쿨링 샴푸,헤어케어,남성,25-29세,4,샤워 후에 바로 바르고 드라이가 잘 돼요. 막상 써보니 향이 은은해서 좋아요. 또 살 것 같아요.,2025-09-04 00:47:02
r-000544,가든 로즈 퍼퓸,향수,남성,40대,3,무난하게 쓰기 좋아요. 전반적으로 호불호가 갈릴 듯해요. 상황 봐서 쓸 것 같아요.,2025-08-25 00:58:44
r-000545,콜라겐 앰플,스킨케어,남성,40대,2,따갑게 느껴졌어요. 막상 써보니 흡수가 느려서 답답해요. 재구매는 어려울 듯.,2025-05-03 14:14:32
r-000546,단백질 헤어팩,헤어케어,남성,30대,4,외출 전에 쓰니 거품이 풍성하고 헹굼이 깔끔해요. 그리고 두피가 편안해졌어요. 또 살 것 같아요. 개인차는 있을 듯.,2025-07-17 14:27:08
r-000547,샤워 오일,바디케어,여성,20-24세,5,아침·저녁으로 써봤고 끈적임이 없어서 여름에도 좋아요. 전반적으로 펌프가 편해요. 가격 생각하면 괜찮아요. 메이크업 전에 괜찮았어요.,2025-10-17 21:50:51
r-000548,볼륨 미스트,헤어케어,남성,25-29세,4,출근 전에 주로 쓰고 모발이 차분해요. 한동안 써보니 향이 은은해서 좋아요. 가격 생각하면 괜찮아요. 메이크업 전에 괜찮았어요.,2025-10-08 11:40:29
r-000549,헤어 오일,헤어케어,남성,10대,2,향이 강해서 부담돼요. 사용해보니 모발이 뻣뻣해졌어요. 재구매는 어려울 듯.,2025-06-20 12:09:01
r-000550,픽서 메이크업 베이스,메이크업,여성,10대,4,운동 후에 사용해봤는데 가볍게 발려요. 전반적으로 밀착이 잘 돼요. 잘 쓰고 있어요.,2025-09-25 21:48:25
r-000551,세라마이드 로션,스킨케어,남성,30대,4,외출 전에 쓰니 메이크업 전에 쓰기 좋아요. 확실히 흡수가 부드럽게 돼요. 잘 쓰고 있어요.,2025-05-21 22:09:17
r-000552,시카 진정 토너,스킨케어,여성,40대,4,샤워 후에 바로 바르고 흡수가 부드럽게 돼요. 전체적으로 결이 정돈되는 느낌이에요. 계속 쓰게 돼요.,2025-08-15 16:21:40
r-000553,히알루론 나이트크림,스킨케어,남성,20-24세,4,외출 전에 쓰니 보습이 오래가요. 그리고 결이 정돈되는 느낌이에요. 추천해요.,2025-08-03 14:35:03
r-000554,크리미 컨실러,메이크업,미지정,50대 이상,4,외출 전에 쓰니 밀착이 잘 돼요. 막상 써보니 지속력이 좋아요. 잘 쓰고 있어요.,2025-08-23 10:21:14
r-000555,풋크림 컴포트,바디케어,여성,20-24세,3,끈적임이 없어서 여름에도 좋아요. 확실히 용량이 아쉬워요. 출근 전에 주로 쓰고. 무난한 편이에요.,2025-10-29 16:40:22
r-000556,쿠션 파운데이션,메이크업,여성,30대,5,외출 전에 쓰니 밀착이 잘 돼요. 막상 써보니 지속력이 좋아요. 가격 생각하면 괜찮아요.,2025-10-01 07:08:03
r-000557,벨벳 립스틱,메이크업,남성,40대,4,샤워 후에 바로 바르고 톤 보정이 깔끔해요. 전체적으로 지속력이 좋아요. 만족스러워요.,2025-08-20 00:46:20
r-000558,아쿠아 수분크림,스킨케어,여성,30대,4,운동 후에 사용해봤는데 결이 정돈되는 느낌이에요. 그리고 자극이 거의 없어요. 만족스러워요. 개인차는 있을 듯. 메이크업 전에 괜찮았어요.,2025-09-15 05:50:33
r-000559,프로바이오틱스 크림,스킨케어,미지정,20-24세,2,따갑게 느껴졌어요. 전체적으로 트러블이 조금 올라왔어요. 별로였어요.,2025-09-06 23:14:17
r-000560,프로바이오틱스 크림,스킨케어,여성,40대,5,아침·저녁으로 써봤고 결이 정돈되는 느낌이에요. 사용해보니 흡수가 부드럽게 돼요. 가격 생각하면 괜찮아요.,2025-06-21 09:05:04
r-000561,풋크림 컴포트,바디케어,미지정,10대,4,출근 전에 주로 쓰고 펌프가 편해요. 게다가 흡수가 빠른 편이에요. 추천해요. 취향 차이는 있을 수 있어요.,2025-04-21 14:27:29
r-000562,볼륨 미스트,헤어케어,여성,40대,2,향이 강해서 부담돼요. 전반적으로 두피가 간질거렸어요. 제 피부 기준입니다. 저랑은 안 맞아요.,2025-06-22 03:14:16
r-000563,세라마이드 로션,스킨케어,여성,20-24세,5,운동 후에 사용해봤는데 결이 정돈되는 느낌이에요. 전반적으로 흡수가 부드럽게 돼요. 잘 쓰고 있어요. 여행 때 들고 가기 좋을 듯.,2025-09-13 07:49:09
r-000564,오리엔탈 오 드 퍼퓸,향수,여성,20-24세,4,아침·저녁으로 써봤고 계절감이 잘 맞아요. 전체적으로 첫 향이 상큼해요. 계속 쓰게 돼요.,2025-04-18 14:13:57
r-000565,데일리 샴푸,헤어케어,남성,20-24세,2,두피가 간질거렸어요. 막상 써보니 모발이 뻣뻣해졌어요. 저랑은 안 맞아요.,2025-05-04 20:38:44
r-000566,틴트 마스카라,메이크업,남성,40대,1,두껍게 올라와요. 막상 써보니 얼룩처럼 묻어나요. 비추천합니다.,2025-10-12 17:40:51
r-000567,샤워 오일,바디케어,여성,20-24세,4,출근 전에 주로 쓰고 흡수가 빠른 편이에요. 막상 써보니 보습이 오래가요. 만족스러워요.,2025-05-19 00:22:16
r-000568,새틴 블러셔,메이크업,여성,50대 이상,5,아침·저녁으로 써봤고 톤 보정이 깔끔해요. 확실히 지속력이 좋아요. 또 살 것 같아요. 주말 외출용으로 딱.,2025-10-07 19:52:39
r-000569,핸드크림 클래식,바디케어,여성,10대,4,아침·저녁으로 써봤고 향이 포근하게 남아요. 확실히 끈적임이 없어서 여름에도 좋아요. 또 살 것 같아요. 건성/지성에 따라 느낌 다를 듯.,2025-09-10 17:40:45
r-000570,롱웨어 파운데이션,메이크업,남성,10대,4,아침·저녁으로 써봤고 톤 보정이 깔끔해요. 한동안 써보니 지속력이 좋아요. 가격 생각하면 괜찮아요. 선물용으로도 괜찮아 보여요.,2025-06-23 17:08:14
r-000571,프레시 코롱,향수,남성,40대,4,외출 전에 쓰니 과하지 않아서 데일리로 좋아요. 전체적으로 무난하게 쓰기 좋아요. 가격 생각하면 괜찮아요. 개인차는 있을 듯.,2025-10-15 18:18:43
r-000572,히알루론 나이트크림,스킨케어,여성,50대 이상,4,외출 전에 쓰니 보습이 오래가요. 막상 써보니 자극이 거의 없어요. 가격 생각하면 괜찮아요. 환경에 따라 다를 수 있어요. 메이크업 전에 괜찮았어요.,2025-08-14 18:02:11
r-000573,헤어 오일,헤어케어,남성,30대,2,모발이 뻣뻣해졌어요. 게다가 유분감이 쉽게 올라와요. 개인차는 있을 듯. 아쉬웠어요.,2025-09-10 09:57:11
r-000574,픽서 메이크업 베이스,메이크업,여성,30대,5,외출 전에 쓰니 가볍게 발려요. 확실히 밀착이 잘 돼요. 잘 쓰고 있어요. 메이크업 전에 괜찮았어요.,2025-08-26 20:07:28
r-000575,내추럴 아이팔레트,메이크업,미지정,20-24세,4,운동 후에 사용해봤는데 발색이 자연스러워요. 게다가 가볍게 발려요. 또 살 것 같아요.,2025-05-29 11:44:04
r-000576,롱웨어 파운데이션,메이크업,남성,40대,3,발색이 자연스러워요. 게다가 시간 지나면 무너져요. 기대만큼은 아니지만 쓸만해요.,2025-08-06 02:38:45
r-000577,풋크림 컴포트,바디케어,여성,25-29세,4,아침·저녁으로 써봤고 흡수가 빠른 편이에요. 전체적으로 끈적임이 없어서 여름에도 좋아요. 잘 쓰고 있어요.,2025-06-27 10:41:56
r-000578,아쿠아 수분크림,스킨케어,남성,25-29세,3,메이크업 전에 쓰기 좋아요. 막상 써보니 따갑게 느껴졌어요. 기대만큼은 아니지만 쓸만해요.,2025-06-29 00:31:40
r-000579,쿠션 파운데이션,메이크업,여성,25-29세,4,출근 전에 주로 쓰고 톤 보정이 깔끔해요. 게다가 밀착이 잘 돼요. 만족스러워요. 환경에 따라 다를 수 있어요. 선물용으로도 괜찮아 보여요.,2025-08-03 05:18:22
r-000580,쿠션 파운데이션,메이크업,여성,40대,4,외출 전에 쓰니 발색이 자연스러워요. 게다가 가볍게 발려요. 잘 쓰고 있어요. 주말 외출용으로 딱.,2025-09-18 12:00:01
r-000581,히알루론 나이트크림,스킨케어,여성,20-24세,5,외출 전에 쓰니 결이 정돈되는 느낌이에요. 전체적으로 보습이 오래가요. 가격 생각하면 괜찮아요. 제 피부 기준입니다.,2025-09-04 06:07:41
r-000582,리페어 에센스,스킨케어,남성,40대,5,출근 전에 주로 쓰고 메이크업 전에 쓰기 좋아요. 막상 써보니 흡수가 부드럽게 돼요. 만족스러워요. 개인차는 있을 듯.,2025-06-06 10:04:03
r-000583,프로바이오틱스 크림,스킨케어,남성,30대,4,샤워 후에 바로 바르고 보습이 오래가요. 게다가 메이크업 전에 쓰기 좋아요. 잘 쓰고 있어요.,2025-10-10 11:40:29
r-000584,바디 스크럽,바디케어,여성,40대,1,펌프가 뻑뻑해요. 게다가 용량이 아쉬워요. 제 피부 기준입니다. 기대 이하였다.,2025-04-15 18:25:29
r-000585,시트러스 오 드 뚜왈렛,향수,미지정,20-24세,2,달달함이 과해요. 게다가 지속력이 짧아요. 취향 차이는 있을 수 있어요. 기대 이하였다.,2025-07-13 09:45:26
r-000586,딥케어 트리트먼트,헤어케어,여성,25-29세,4,운동 후에 사용해봤는데 두피가 편안해졌어요. 막상 써보니 향이 은은해서 좋아요. 추천해요.,2025-08-12 19:48:36
r-000587,두피 스케일러,헤어케어,남성,30대,4,운동 후에 사용해봤는데 거품이 풍성하고 헹굼이 깔끔해요. 전반적으로 두피가 편안해졌어요. 추천해요. 주말 외출용으로 딱.,2025-04-22 04:40:27
r-000588,히알루론 나이트크림,스킨케어,여성,40대,4,외출 전에 쓰니 흡수가 부드럽게 돼요. 전반적으로 보습이 오래가요. 또 살 것 같아요. 환경에 따라 다를 수 있어요. 데일리로 무난해요.,2025-04-24 07:34:02
r-000589,아쿠아 수분크림,스킨케어,남성,10대,5,아침·저녁으로 써봤고 흡수가 부드럽게 돼요. 막상 써보니 메이크업 전에 쓰기 좋아요. 또 살 것 같아요.,2025-05-21 07:20:46
r-000590,비타민C 세럼,스킨케어,여성,25-29세,3,자극이 거의 없어요. 전체적으로 따갑게 느껴졌어요. 기대만큼은 아니지만 쓸만해요.,2025-05-12 17:48:55
r-000591,세라마이드 로션,스킨케어,남성,30대,3,보습이 오래가요. 전반적으로 트러블이 조금 올라왔어요. 호불호 갈릴 듯.,2025-10-02 14:03:37
r-000592,아쿠아 수분크림,스킨케어,여성,40대,4,아침·저녁으로 써봤고 보습이 오래가요. 전반적으로 메이크업 전에 쓰기 좋아요. 잘 쓰고 있어요.,2025-04-17 21:54:39
r-000593,세라마이드 로션,스킨케어,여성,50대 이상,1,트러블이 조금 올라왔어요. 그리고 따갑게 느껴졌어요. 취향 차이는 있을 수 있어요. 별로였어요.,2025-05-06 09:18:16
r-000594,새틴 블러셔,메이크업,남성,30대,3,밀착이 잘 돼요. 확실히 얼룩처럼 묻어나요. 상황 봐서 쓸 것 같아요.,2025-07-24 16:25:33
r-000595,비타민C 세럼,스킨케어,남성,10대,3,자극이 거의 없어요. 사용해보니 유분감이 남아요. 외출 전에 쓰니. 여행 때 들고 가기 좋을 듯. 기대만큼은 아니지만 쓸만해요.,2025-10-20 08:45:09
r-000596,소프트 바디로션,바디케어,여성,30대,4,샤워 후에 바로 바르고 보습이 오래가요. 그리고 펌프가 편해요. 만족스러워요.,2025-07-21 00:29:08
r-000597,소프트 바디로션,바디케어,미지정,20-24세,2,끈적거려서 불편해요. 전반적으로 용량이 아쉬워요. 저랑은 안 맞아요.,2025-05-26 22:58:22
r-000598,바디오일 라이트,바디케어,남성,20-24세,5,샤워 후에 바로 바르고 펌프가 편해요. 전반적으로 끈적임이 없어서 여름에도 좋아요. 만족스러워요.,2025-07-18 20:29:13
r-000599,아쿠아 수분크림,스킨케어,여성,20-24세,4,외출 전에 쓰니 자극이 거의 없어요. 게다가 메이크업 전에 쓰기 좋아요. 만족스러워요.,2025-10-17 20:29:57
r-000600,단백질 헤어팩,헤어케어,여성,25-29세,1,모발이 뻣뻣해졌어요. 사용해보니 두피가 간질거렸어요. 기대 이하였다.,2025-04-26 02:51:38
